Â , N
NA, 74126
MS-0122_2-3, 37
MS-0124_2-3, 26
MS-0085_1-3, 24
MS-0085_2-3, 24
MS-0086_2-3, 24
MS-0087_1-3, 24
MS-0087_2-3, 24
MS-0088_1-3, 24
MS-0088_2-3, 24
MS-0089_1-3, 24
MS-0089_2-3, 24
MS-0090_1-3, 24
MS-0091_2-3, 24
MS-0092_2-3, 24
MS-0093_2-3, 24
MS-0094_1-3, 24
MS-0094_2-3, 24
MS-0095_1-3, 24
MS-0095_2-3, 24
MS-0096_3-3, 24
MS-0097_2-3, 24
MS-0098_2-3, 24
MS-0100_2-3, 24
MS-0101_1-3, 24
MS-0102_2-3, 24
MS-0103_2-3, 24
MS-0104_2-3, 24
MS-0105_1-3, 24
MS-0106_1-3, 24
MS-0106_2-3, 24
MS-0107_1-3, 24
MS-0107_2-3, 24
MS-0108_1-3, 24
MS-0108_2-3, 24
MS-0110_2-3, 24
MS-0111_1-3, 24
MS-0111_2-3, 24
MS-0113_2-3, 24
MS-0114_2-3, 24
MS-0116_2-3, 24
MS-0117_2-3, 24
MS-0118_2-3, 24
MS-0119_2-3, 24
MS-0120_2-3, 24
MS-0121_2-3, 24
MS-0123_2-3, 24
MS-0126_2-3, 24
MS-0127_2-3, 24
MS-0129_2-3, 24
MS-0090_2-3, 23
MS-0091_1-3, 23
MS-0092_1-3, 23
MS-0093_1-3, 23
MS-0098_1-3, 23
MS-0099_2-3, 23
MS-0101_2-3, 23
MS-0105_2-3, 23
MS-0112_2-3, 23
MS-0130_2-4, 23
MS-0086_1-3, 22
MS-0096_1-3, 22
MS-0110_1-3, 22
MS-0115_1-3, 22
MS-0115_2-3, 22
MS-0118_1-3, 22
MS-0124_1-3, 22
MS-0125_3-4, 22
MS-0128_2-3, 22
MS-0130_1-4, 22
MS-0102_1-3, 21
MS-0109_2-3, 21
MS-0122_1-3, 21
MS-0129_1-3, 21
MS-0097_1-3, 20
MS-0099_1-3, 20
MS-0103_1-3, 20
MS-0104_1-3, 20
MS-0112_1-3, 20
MS-0113_1-3, 20
MS-0114_1-3, 20
MS-0116_1-3, 20
MS-0117_1-3, 20
MS-0119_1-3, 20
MS-0120_1-3, 20
MS-0121_1-3, 20
MS-0125_1-4, 20
MS-0126_1-3, 20
MS-0127_1-3, 20
MS-0128_3-3, 20
MS-0100_1-3, 19
MS-0123_1-3, 19
MS-0128_1-3, 17
MS-0109_1-3, 15
MS-0122_3-3, 14
MS-0125_4-4, 14
MS-0097_3-3, 10
MS-0099_3-3, 10
MS-0100_3-3, 10
MS-0112_3-3, 9
MS-0113_3-3, 9
MS-0114_3-3, 9
MS-0116_3-3, 9
MS-0117_3-3, 9
MS-0119_3-3, 9
MS-0120_3-3, 9
MS-0123_3-3, 9
MS-0127_3-3, 9
MS-0102_3-3, 8
MS-0103_3-3, 8
MS-0121_3-3, 8
MS-0129_3-3, 8
MS-0130_4-4, 8
MS-0086_3-3, 7
MS-0096_2-3, 7
MS-0101_3-3, 7
MS-0104_3-3, 7
MS-0115_3-3, 7
MS-0118_3-3, 7
MS-0124_3-3, 7
MS-0090_3-3, 6
MS-0091_3-3, 6
MS-0092_3-3, 6
MS-0093_3-3, 6
MS-0095_3-3, 6
MS-0098_3-3, 6
MS-0106_3-3, 6
MS-0110_3-3, 6
MS-0085_3-3, 5
MS-0087_3-3, 5
MS-0088_3-3, 5
MS-0089_3-3, 5
MS-0094_3-3, 5
MS-0105_3-3, 5
MS-0107_3-3, 5
MS-0108_3-3, 5
MS-0109_3-3, 5
MS-0111_3-3, 5
MS-0126_3-3, 5
MS-0125_2-4, 1
MS-0130_3-4, 1
