Box, N
NA, 11074
MS-1414_1-3, 54
MS-0655_2-3, 48
MS-1158_2-3, 48
MS-0655_1-3, 38
MS-0985_2-3, 29
MS-0278_2-3, 28
MS-0747_2-3, 28
MS-0930_1-3, 28
MS-0945_1-3, 28
MS-0945_2-3, 28
MS-0984_2-3, 28
MS-0986_2-3, 28
MS-0157_2-3, 27
MS-0470_2-3, 27
MS-0289_2-2, 26
MS-0633_2-3, 26
MS-0682_2-3, 26
MS-0829_2-2, 26
MS-1402_2-3, 26
MS-0226_2-2, 25
MS-0398_2-2, 25
MS_0431_2-3, 25
MS-0465_2-3, 25
MS-0475_2-3, 25
MS-0503_1-3, 25
MS-0579_1-2, 25
MS-0669_2-3, 25
MS-0698_1-3, 25
MS-0699_2-3, 25
MS-0777_2-3, 25
MS-0823_2-2, 25
MS-0874_2-3, 25
MS-0900_2-3, 25
MS-0904_2-3, 25
MS-1019_2-3, 25
MS-1057_2-3, 25
MS-1309_2-3, 25
MS-1319_2-3, 25
MS-1422_2-3, 25
MS-0044_1-3, 24
MS-0044_2-3, 24
MS-0045_1-3, 24
MS-0045_2-3, 24
MS-0046_1-3, 24
MS-0046_2-3, 24
MS-0047_2-3, 24
MS-0048_1-3, 24
MS-0048_2-3, 24
MS-0049_1-3, 24
MS-0049_2-3, 24
MS-0051_1-3, 24
MS-0051_2-3, 24
MS-0052_1-3, 24
MS-0052_2-3, 24
MS-0053_2-3, 24
MS-0054_2-3, 24
MS-0056_2-3, 24
MS-0057_1-3, 24
MS-0057_2-3, 24
MS-0058_2-3, 24
MS-0059_2-3, 24
MS-0060-1-3, 24
MS-0060_2-3, 24
MS-0063_2-3, 24
MS-0064_1-3, 24
MS-0064_2-3, 24
MS-0065_1-3, 24
MS-0065_2-3, 24
MS-0066_1-3, 24
MS-0066_2-3, 24
MS-0067_2-3, 24
MS-0069_1-3, 24
MS-0069_2-3, 24
MS-0070_1-2, 24
MS-0072_1-3, 24
MS-0072_2-3, 24
MS-0073_1-3, 24
MS-0073_2-3, 24
MS-0074_1-3, 24
MS-0074_2-3, 24
MS-0075_2-3, 24
MS-0076_2-3, 24
MS-0079_2-3, 24
MS-0080_1-3, 24
MS-0080_2-3, 24
MS-0082_1-2, 24
MS-0082_2-2, 24
MS-0084_2-3, 24
MS_0139_2-3, 24
MS_0140_2-3, 24
MS-0146_2-3, 24
MS-0147_2-3, 24
MS-0148_2-3, 24
MS-0149_2-3, 24
MS-0151_2-3, 24
MS-0154_2-3, 24
MS-0156_2-3, 24
MS-0158_2-3, 24
MS-0159_2-3, 24
MS-0160_2-3, 24
MS-0161_2-3, 24
MS-0163_2-3, 24
MS-0165_2-3, 24
MS-0166_2-3, 24
MS-0167_2-3, 24
MS-0168_2-3, 24
MS-0169_2-3, 24
MS-0170_2-3, 24
MS-0171_2-3, 24
MS-0173_2-3, 24
MS-0174_2-3, 24
MS-0181_2-3, 24
MS-0182_2-3, 24
MS-0183_3-3, 24
MS-0184_2-3, 24
MS-0185_2-3, 24
MS-0186_1-2, 24
MS-0186_2-2, 24
MS-0187_2-3, 24
MS-0189_2-3, 24
MS-0191_2-3, 24
MS-0192_1-4, 24
MS-0194_2-3, 24
MS-0195_2-3, 24
MS-0196_2-3, 24
MS-0197_2-3, 24
MS-0198_2-3, 24
MS-0199_2-3, 24
MS-0200_2-3, 24
MS-0201_2-3, 24
MS-0202_2-3, 24
MS-0203_2-3, 24
MS-0204_2-3, 24
MS-0205_2-3, 24
MS-0206_2-3, 24
MS-0207_2-3, 24
MS-0208_2-3, 24
MS-0209_2-3, 24
MS-0210_2-3, 24
MS-0211_2-3, 24
MS-0212_2-3, 24
MS-0213_2-3, 24
MS-0214_2-3, 24
MS-0216_2-3, 24
MS-0217_2-3, 24
MS-0218_2-3, 24
MS-0219_2-3, 24
MS-0220_2-3, 24
MS-0221_2-3, 24
MS-0222_2-3, 24
MS-0227_2-3, 24
MS_0228_2-3, 24
MS_0229_2-3, 24
MS_0230_2-3, 24
MS_0231_2-3, 24
MS_0232_2-3, 24
MS_0233_2-3, 24
MS_0235_1-2, 24
MS_0237_2-4, 24
MS_0237_3-4, 24
MS-0242_2-3, 24
MS-0243_2-3, 24
MS-0244_2-3, 24
MS-0246_2-3, 24
MS-0247_2-3, 24
MS-0248_2-3, 24
MS-0249_2-3, 24
MS-0250_2-3, 24
MS_0251_2-3, 24
MS_0252_2-3, 24
MS_0254_2-3, 24
MS_0255-2-3, 24
MS_0256_2-3, 24
MS_0257_2-3, 24
MS-0259_2-3, 24
MS-0260_2-3, 24
MS-0261_2-3, 24
MS_0263_2-3, 24
MS-0266_2-3, 24
MS-0267_2-3, 24
MS-0268_2-3, 24
MS-0269_2-3, 24
MS-0270_2-3, 24
MS-0272_2-3, 24
MS-0273_2-3, 24
MS-0276_2-3, 24
MS-0279_2-3, 24
MS-0280_2-3, 24
MS-0281_2-2, 24
MS-0282_2-2, 24
MS-0283_2-2, 24
MS-0284_2-2, 24
MS-0285_2-2, 24
MS-0290_2-3, 24
MS-0292_2-3, 24
MS-0293_2-3, 24
MS-0294_2-3, 24
MS-0297_2-3, 24
MS-0299_2-3, 24
MS-0300_2-3, 24
MS-0301_2-3, 24
MS-0303_2-3, 24
MS-0304_2-3, 24
MS-0305_2-3, 24
MS-0306_2-3, 24
MS-0308_2-3, 24
MS-0360_2-3, 24
MS-0361_2-3, 24
MS-0365_2-3, 24
MS-0366_2-3, 24
MS-0368_2-3, 24
MS-0369_2-3, 24
MS-0371_2-3, 24
MS-0372_2-3, 24
MS-0373_2-3, 24
MS-0375_2-3, 24
MS-0376_2-3, 24
MS-0377_2-3, 24
MS-0378_2-3, 24
MS-0380_2-3, 24
MS-0381_2-3, 24
MS-0382_2-3, 24
MS-0383_2-3, 24
MS-0384_2-3, 24
MS-0385_2-3, 24
MS-0386_2-3, 24
MS-0387_2-3, 24
MS-0388_2-3, 24
MS-0390_2-3, 24
MS-0392_2-3, 24
MS-0393_2-3, 24
MS-0394_2-3, 24
MS-0395_2-3, 24
MS-0396_2-3, 24
MS-0397_2-3, 24
MS-0399_2-2, 24
MS-0400_1-3, 24
MS-0400_2-3, 24
MS-4001_1-3, 24
MS-4003_2-3, 24
MS-0404_2-3, 24
MS-0406_2-3, 24
MS-0407_2-3, 24
MS-0408_2-3, 24
MS-0409_2-3, 24
MS-0410_2-3, 24
MS-0411_2-3, 24
MS-0412_2-3, 24
MS-0413_2-3, 24
MS-0415_2-3, 24
MS-0418_2-3, 24
MS-0420_2-3, 24
MS-0421_3-3, 24
MS-0422_2-3, 24
MS-0423_2-3, 24
MS-0424_2-3, 24
MS-0425_2-3, 24
MS_0426_2-3, 24
MS_0427_2-3, 24
MS_0428_2-3, 24
MS_0429_2-3, 24
MS_0430_2-3, 24
MS_0432_2-3, 24
MS_0433_2-3, 24
MS_0434_2-3, 24
MS_0435_2-3, 24
MS_0436_2-3, 24
MS_0437_2-3, 24
MS_0439_1-2, 24
MS_0440_2-3, 24
MS_0441_2-3, 24
MS_0442_2-3, 24
MS_0443_2-3, 24
MS_0444_2-3, 24
MS_0445_2-3, 24
MS_0446_2-3, 24
MS_0448_2-3, 24
MS-0450_2-3, 24
MS-0451_2-3, 24
MS-0452_2-3, 24
MS_0454_2-3, 24
MS-0456_2-3, 24
MS-0457_2-3, 24
MS-0458_2-3, 24
MS-0459_2-3, 24
MS-0460_2-3, 24
MS-0461_2-3, 24
MS-0462_2-3, 24
MS-0463_2-3, 24
MS-0464_2-3, 24
MS-0466_2-3, 24
MS-0467_2-3, 24
MS-0468_2-3, 24
MS-0471_2-3, 24
MS-0473_2-3, 24
MS-0476_2-3, 24
MS-0477_2-3, 24
MS-0479_2-3, 24
MS-0480_2-3, 24
MS-0481_2-3, 24
MS-0482_2-3, 24
MS-0483_2-3, 24
MS-0484_2-3, 24
MS-0485_2-3, 24
MS-0486_2-3, 24
MS-0487_2-3, 24
MS-0488_2-3, 24
MS-0489_2-3, 24
MS-0490_2-3, 24
MS-0491_2-3, 24
MS-0492_2-3, 24
MS-0493_2-3, 24
MS-0494_2-3, 24
MS-0495_2-3, 24
MS-0496_2-3, 24
MS-0497_1-2, 24
MS-0498_2-3, 24
MS-0499_2-3, 24
MS-0500_2-3, 24
MS-0502_2-3, 24
MS-0503_2-3, 24
MS-0505_2-3, 24
MS-0506_2-3, 24
MS-0507_2-3, 24
MS-0509_2-3, 24
MS-0510_2-3, 24
MS-0512_2-3, 24
MS-0513_2-3, 24
MS-0514_2-3, 24
MS-0515_2-3, 24
MS-0516_2-3, 24
MS-0517_2-3, 24
MS-0518_2-3, 24
MS-0519_2-3, 24
MS-0520_2-3, 24
MS-0521_2-3, 24
MS-0522_2-3, 24
MS-0523_2-3, 24
MS-0524_2-3, 24
MS-0525_2-3, 24
MS-0526_2-3, 24
MS-0527_2-3, 24
MS-0530_2-3, 24
MS-0531_2-3, 24
MS-0535_2-3, 24
MS-0536_2-3, 24
MS-0537_2-3, 24
MS-0538_2-3, 24
MS-0539_2-3, 24
MS-0540_2-3, 24
MS-0541_2-3, 24
MS-0542_2-3, 24
MS-0543_2-3, 24
MS-0544_2-3, 24
MS-0546_2-3, 24
MS-0547_2-3, 24
MS-0548_2-3, 24
MS-0549_2-3, 24
MS-0550_2-3, 24
MS-0551_2-3, 24
MS-0552_2-3, 24
MS-0553_2-3, 24
MS-0555_2-3, 24
MS-0556_2-3, 24
MS-0558_2-3, 24
MS-0559_2-3, 24
MS-0560_2-3, 24
MS-0561_2-3, 24
MS-0563_2-3, 24
MS-0564_2-3, 24
MS-0565_2-3, 24
MS-0566_2-3, 24
MS-0567_1-2, 24
MS-0572_2-3, 24
MS-0574_2-3, 24
MS-0575_2-3, 24
MS-0576_2-3, 24
MS-0577_2-3, 24
MS-0578_2-3, 24
MS-0580_2-3, 24
MS-0582_2-3, 24
MS-0583_2-3, 24
MS-0584_2-3, 24
MS-0585_2-3, 24
MS-0586_2-3, 24
MS-0587_2-3, 24
MS-0588_2-3, 24
MS-0589_2-3, 24
MS-0590_2-3, 24
MS-0591_2-3, 24
MS-0592_2-3, 24
MS-0593_2-3, 24
MS-0596_2-3, 24
MS-0599_2-3, 24
MS-0600_2-3, 24
MS-0601_2-3, 24
MS-0602_2-3, 24
MS-0604_2-3, 24
MS-0605_2-3, 24
MS-0606_2-3, 24
MS-0607_2-3, 24
MS-0608_2-3, 24
MS-0609_2-3, 24
MS-0610_2-3, 24
MS-0611_2-3, 24
MS-0612_2-3, 24
MS-0613_2-3, 24
MS-0614_2-3, 24
MS-0615_2-3, 24
MS-0616_2-3, 24
MS-0617_2-3, 24
MS-0618_2-3, 24
MS-0619_2-3, 24
MS-0620_2-3, 24
MS-0622_2-3, 24
MS-0623_2-3, 24
MS-0624_2-3, 24
MS-0625_2-3, 24
MS-0627_2-3, 24
MS-0628_2-3, 24
MS-0629_2-3, 24
MS-0630_2-3, 24
MS-0632_2-3, 24
MS-0634_2-3, 24
MS-0635_2-3, 24
MS-0636_2-3, 24
MS-0637_2-3, 24
MS-0639_2-3, 24
MS-0640_2-3, 24
MS-0641_2-3, 24
MS-0642_2-3, 24
MS-0643_2-3, 24
MS-0645_2-3, 24
MS-0646_2-3, 24
MS-0647_2-3, 24
MS-0648_2-3, 24
MS-0649_2-3, 24
MS-0650_2-3, 24
MS-0651_2-3, 24
MS-0652_2-3, 24
MS-0653_2-3, 24
MS-0654_2-3, 24
MS-0656_3-3, 24
MS-0657_2-3, 24
MS-0658_2-3, 24
MS-0659_2-3, 24
MS-0660_2-3, 24
MS-0663_2-3, 24
MS-0666_2-3, 24
MS-0667_2-3, 24
MS-0668_2-3, 24
MS-0670_2-3, 24
MS-0671_2-3, 24
MS-0673_2-3, 24
MS-0674_2-3, 24
MS-0675_2-3, 24
MS-0676_2-3, 24
MS-0677_2-3, 24
MS-0678_2-3, 24
MS-0680_2-3, 24
MS-0681_2-3, 24
MS-0683_2-3, 24
MS-0686_2-3, 24
MS-0695_2-3, 24
MS-0696_2-3, 24
MS-0700_2-3, 24
MS-0701_2-3, 24
MS-0702_2-3, 24
MS-0712_2-2, 24
MS-0713_2-3, 24
MS-0717_2-3, 24
MS-0718_2-3, 24
MS-0719_2-3, 24
MS-0721_2-3, 24
MS-0726_2-3, 24
MS-0729_2-3, 24
MS-0734_2-3, 24
MS-0735_2-3, 24
MS-0737_2-3, 24
MS-0739_2-3, 24
MS-0740_2-3, 24
MS-0741_2-3, 24
MS-0742_2-3, 24
MS-0745_2-3, 24
MS-0748_2-3, 24
MS-0749_2-3, 24
MS-0750_2-3, 24
MS-0751_2-3, 24
MS-0754_2-3, 24
MS-0755_2-2, 24
MS-0758_2-3, 24
MS-0759_2-3, 24
MS-0760_2-3, 24
MS-0762_2-3, 24
MS-0765_2-3, 24
MS-0768_2-3, 24
MS-0770_2-3, 24
MS-0771_2-3, 24
MS-0772_2-3, 24
MS-0775_2-3, 24
MS-0776_2-3, 24
MS-0782_2-2, 24
MS-0786_2-3, 24
MS-0794_2-3, 24
MS-0809_2-3, 24
MS-0811_2-2, 24
MS-0813_2-3, 24
MS-0815_2-3, 24
MS-0816_2-3, 24
MS-0817_2-3, 24
MS-0818_2-3, 24
MS-0819_2-3, 24
MS-0820_2-3, 24
MS-0821_2-3, 24
MS-0822_2-3, 24
MS-0825_2-3, 24
MS-0828_2-3, 24
MS-0831_2-3, 24
MS-0832_2-3, 24
MS-0833_2-3, 24
MS-0835_2-3, 24
MS-0836_2-3, 24
MS-0838_2-3, 24
MS-0840_2-3, 24
MS-0841_2-3, 24
MS-0842_2-3, 24
MS-0843_2-3, 24
MS-0844_2-3, 24
MS-0848_2-3, 24
MS-0849_2-3, 24
MS-0850_2-3, 24
MS-0851_2-3, 24
MS-0855_2-3, 24
MS-0856_2-3, 24
MS-0857_2-2, 24
MS-0859_2-3, 24
MS-0861_2-3, 24
MS-0863_2-3, 24
MS-0865_2-3, 24
MS-0867_2-3, 24
MS-0870_2-3, 24
MS-0871_2-3, 24
MS-0872_2-3, 24
MS-0873_2-3, 24
MS-0876_2-3, 24
MS-0877_2-3, 24
MS-0889_2-3, 24
MS-0890_2-3, 24
MS-0893_2-3, 24
MS-0894_2-3, 24
MS-0896_2-3, 24
MS-0898_2-3, 24
MS-0901_2-3, 24
MS-0903_2-3, 24
MS-0905_2-3, 24
MS-0906_2-3, 24
MS-0911_2-3, 24
MS-0914_2-3, 24
MS-0916_2-3, 24
MS-0919_2-3, 24
MS-0921_2-3, 24
MS-0927_2-3, 24
MS-0939_2-3, 24
MS-0958_2-3, 24
MS-0964_2-3, 24
MS-0966_2-3, 24
MS-0969_2-3, 24
MS-0970_2-3, 24
MS-0982_2-3, 24
MS-0983_2-3, 24
MS-0984_1-3, 24
MS-0991_2-3, 24
MS-0993_3-3, 24
MS-0997_2-3, 24
MS-1004_2-3, 24
MS-1018_2-3, 24
MS-1020_2-3, 24
MS-1021_2-3, 24
MS-1028_2-3, 24
MS-1029_2-3, 24
MS-1032_2-3, 24
MS-1034_2-3, 24
MS-1035_2-3, 24
MS-1036_2-3, 24
MS-1037_2-3, 24
MS-1038_2-3, 24
MS-1039_2-3, 24
MS-1040_2-3, 24
MS-1041_2-3, 24
MS-1042_2-3, 24
MS-1043_2-3, 24
MS-1044_2-3, 24
MS-1045_2-3, 24
MS-1046_2-3, 24
MS-1047_2-3, 24
MS-1048_2-3, 24
MS-1049_2-3, 24
MS-1050_2-3, 24
MS-1051_2-3, 24
MS-1052_2-3, 24
MS-1053_2-3, 24
MS-1054_2-3, 24
MS-1055_2-3, 24
MS-1056_2-3, 24
MS-1060_2-3, 24
MS-1061_2-3, 24
MS-1062_2-3, 24
MS-1064_2-3, 24
MS-1065_2-3, 24
MS-1073_2-3, 24
MS-1077_2-3, 24
MS-1092_2-3, 24
MS-1093_2-3, 24
MS-1095_2-3, 24
MS-1096_2-3, 24
MS-1100_2-3, 24
MS-1106_2-3, 24
MS-1107_2-3, 24
MS-1109_2-3, 24
MS-1112_2-3, 24
MS-1113_2-3, 24
MS-1148_3-4, 24
MS-1149_2-3, 24
MS-1169_2-3, 24
MS-1170_3-3, 24
MS-1171_2-3, 24
MS-1176_2-3, 24
MS-1177_2-3, 24
MS-1178_2-3, 24
MS-1179_2-3, 24
MS-1181_2-3, 24
MS-1183_2-3, 24
MS-1184_2-3, 24
MS-1185_2-3, 24
MS-1187_2-3, 24
MS-1189_2-3, 24
MS-1190_2-3, 24
MS-1192_2-3, 24
MS-1194_2-3, 24
MS-1195_2-3, 24
MS-1200_2-3, 24
MS-1208_2-3, 24
MS-1209_2-3, 24
MS-1211_2-3, 24
MS-1224_2-3, 24
MS-1226_2-3, 24
MS-1265_2-3, 24
MS-1266_2-3, 24
MS-1267_2-3, 24
MS-1269_2-3, 24
MS-1271_2-3, 24
MS-1277_2-3, 24
MS-1278_1-3, 24
MS-1278_2-3, 24
MS-1279_2-3, 24
MS-1281_2-3, 24
MS-1282_2-3, 24
MS-1283_2-3, 24
MS-1284_2-3, 24
MS-1286_2-3, 24
MS-1288_2-3, 24
MS-1296_2-3, 24
MS-1297_2-3, 24
MS-1300_2-3, 24
MS-1301_2-3, 24
MS-1302_2-3, 24
MS-1303_2-3, 24
MS-1304_2-3, 24
MS-1305_2-3, 24
MS-1307_2-3, 24
MS-1308_2-3, 24
MS-1310_2-3, 24
MS-1311_2-3, 24
MS-1313_2-3, 24
MS-1314_2-3, 24
MS-1316_2-3, 24
MS-1318_2-3, 24
MS-1320_2-3, 24
MS-1321_2-3, 24
MS-1323_2-3, 24
MS-1324_2-3, 24
MS-1326_2-3, 24
MS-1327_2-3, 24
MS-1340_2-3, 24
MS-1342_2-3, 24
MS-1356_2-3, 24
MS-1359_2-3, 24
MS-1369_2-3, 24
MS-1373_2-3, 24
MS-1382_2-3, 24
MS-1383_2-3, 24
MS-1384_2-3, 24
MS-1390_2-3, 24
MS-1391_2-3, 24
MS-1396_2-3, 24
MS-1398_2-3, 24
MS-1400_2-3, 24
MS-1401_2-3, 24
MS-1403_2-3, 24
MS-1406_2-3, 24
MS-1408_2-3, 24
MS-1410_2-3, 24
MS-1415_2-3, 24
MS-1417_2-3, 24
MS-1421_2-3, 24
MS-1423_2-3, 24
MS-1424_2-3, 24
MS-1427_2-3, 24
MS-0050_1-2, 23
MS-0055_2-3, 23
MS-0058_1-3, 23
MS-0070_2-2, 23
MS-0077_1-3, 23
MS-0077_2-3, 23
MS-0081_2-3, 23
MS-0143_2-2, 23
MS_0190_2-3, 23
MS-0193_1-2, 23
MS-0201_3-3, 23
MS_0262_2-3, 23
MS-0264_1-3, 23
MS-0289_1-2, 23
MS-0291_1-3, 23
MS-0298_2-3, 23
MS-0358_2-3, 23
MS-0359_2-3, 23
MS-0363_2-3, 23
MS-0370_2-3, 23
MS-0379_2-3, 23
MS-0391_2-3, 23
MS-0416_2-3, 23
MS-0417_2-3, 23
MS-0419_2-3, 23
MS_0449_2-3, 23
MS-0469_2-3, 23
MS-0472_2-3, 23
MS-0474_2-3, 23
MS-0478_2-3, 23
MS-0501_2-3, 23
MS-0504_2-3, 23
MS-0508_2-3, 23
MS-0511_2-3, 23
MS-0532_2-3, 23
MS-0533_2-3, 23
MS-0545_2-3, 23
MS-0595_2-3, 23
MS-0598_2-3, 23
MS-0661_2-3, 23
MS-0672_2-3, 23
MS-0703_2-3, 23
MS-0709_2-3, 23
MS-0723_2-3, 23
MS-0766_2-3, 23
MS-0767_2-3, 23
MS-0834_2-3, 23
MS-0839_2-3, 23
MS-0902_2-3, 23
MS-0912_2-3, 23
MS-0966_1-3, 23
MS-1058_2-3, 23
MS-1066_2-3, 23
MS-1070_2-3, 23
MS-1085_2-3, 23
MS-1102_2-3, 23
MS-1175_2-3, 23
MS-1322_2-3, 23
MS-1361_2-3, 23
MS-1381_2-3, 23
MS-1385_2-3, 23
MS-1392_2-3, 23
MS-1393_2-3, 23
MS-1407_2-3, 23
MS-0043_2-3, 22
MS-0047_1-3, 22
MS-0050_2-2, 22
MS-0053_1-3, 22
MS-0054_1-3, 22
MS-0055_1-3, 22
MS-0056_1-3, 22
MS-0059_1-3, 22
MS-0061_1-3, 22
MS-0061_2-3, 22
MS-0063_1-3, 22
MS-0067_1-3, 22
MS-0071_1-3, 22
MS-0076_1-3, 22
MS-0078_1-2, 22
MS-0079_1-3, 22
MS-0084_1-3, 22
MS_0140_1-3, 22
MS-0144_2-3, 22
MS0145_1-2, 22
MS-0146_1-3, 22
MS-0153_1-3, 22
MS-0156_1-3, 22
MS-0158_1-3, 22
MS-0159_1-3, 22
MS-0160_1-3, 22
MS-0163_1-3, 22
MS-0165_1-3, 22
MS-0167_1-3, 22
MS-0168_1-3, 22
MS-0169_1-3, 22
MS-0170_1-3, 22
MS-0171_1-3, 22
MS-0172_1-2, 22
MS-0174_1-3, 22
MS-0177_2-2, 22
MS-0178_2-2, 22
MS-0182_1-3, 22
MS-0183_1-3, 22
MS-0187_1-3, 22
MS_0190_1-3, 22
MS-0195_1-3, 22
MS-0197_1-3, 22
MS-0199_1-3, 22
MS-0200_1-3, 22
MS-0203_1-3, 22
MS-0205_1-3, 22
MS-0207_1-3, 22
MS-0208_1-3, 22
MS-0211_1-3, 22
MS-0213_1-3, 22
MS-0214_1-3, 22
MS-0215_2-3, 22
MS-0216_1-3, 22
MS-0218_1-3, 22
MS-0224_1-2, 22
MS-0225_1-2, 22
MS_0231_1-3, 22
MS-0240_1-2, 22
MS_0251_1-3, 22
MS_0253_2-4, 22
MS_0255-1-3, 22
MS-0264_2-3, 22
MS-0271_2-3, 22
MS-0274_2-3, 22
MS-0286_2-3, 22
MS-0357_2-3, 22
MS-0364_2-3, 22
MS-0374_2-3, 22
MS-0389_2-3, 22
MS-4002_2-3, 22
MS_0447_2-3, 22
MS-0453_2-3, 22
MS-0476_1-3, 22
MS-0487_1-3, 22
MS-0493_1-3, 22
MS-0534_1-2, 22
MS-0562_2-3, 22
MS-0567_2-2, 22
MS-0570_2-2, 22
MS-0581_2-3, 22
MS-0604_1-3, 22
MS-0621_1-3, 22
MS-0624_1-3, 22
MS-0631_2-3, 22
MS-0637_1-3, 22
MS-0657_1-3, 22
MS-0659_1-3, 22
MS-0661_1-3, 22
MS-0662_1-3, 22
MS-0662_2-3, 22
MS-0664_2-2, 22
MS-0679_2-3, 22
MS-0690_2-3, 22
MS-0691_2-3, 22
MS-0697_2-3, 22
MS-0698_2-3, 22
MS-0706_2-3, 22
MS-0707_2-2, 22
MS-0708_2-3, 22
MS-0710_2-3, 22
MS-0715_2-3, 22
MS-0720_2-3, 22
MS-0722_2-3, 22
MS-0725_2-3, 22
MS-0727_2-3, 22
MS-0731_2-3, 22
MS-0732_2-3, 22
MS-0733_2-3, 22
MS-0743_2-3, 22
MS-0752_2-3, 22
MS-0756_2-3, 22
MS-0757_2-4, 22
MS-0761_2-3, 22
MS-0763_2-3, 22
MS-0764_2-3, 22
MS-0769_2-3, 22
MS-0773_2-3, 22
MS-0774_2-3, 22
MS-0780_2-3, 22
MS-0781_2-2, 22
MS-0785_2-2, 22
MS-0787_2-3, 22
MS-0788_2-3, 22
MS-0789_2-3, 22
MS-0790_2-3, 22
MS-0792_2-3, 22
MS-0793_2-3, 22
MS-0795_2-3, 22
MS-0796_2-3, 22
MS-0797_2-3, 22
MS-0798_2-2, 22
MS-0799_2-2, 22
MS-0801_2-3, 22
MS-0802_2-3, 22
MS-0803_2-2, 22
MS-0804_2-3, 22
MS-0805_2-3, 22
MS-0806_2-2, 22
MS-0808_2-3, 22
MS-0812_2-3, 22
MS-0814_3-3, 22
MS-0837_2-3, 22
MS-0852_2-3, 22
MS-0854_2-2, 22
MS-0860_2-3, 22
MS-0864_2-3, 22
MS-0866_2-3, 22
MS-0869_2-3, 22
MS-0875_2-3, 22
MS-0878_2-3, 22
MS-0879_2-3, 22
MS-0880_2-3, 22
MS-0881_2-3, 22
MS-0882_2-3, 22
MS-0883_2-3, 22
MS-0885_2-3, 22
MS-0886_2-3, 22
MS-0887_2-3, 22
MS-0888_2-3, 22
MS-0891_2-3, 22
MS-0892_2-3, 22
MS-0895_2-3, 22
MS-0897_2-3, 22
MS-0899_2-3, 22
MS-0905_1-3, 22
MS-0906_1-3, 22
MS-0907_2-3, 22
MS-0908_2-3, 22
MS-0909_2-3, 22
MS-0910_2-3, 22
MS-0913_2-3, 22
MS-0915_2-3, 22
MS-0917_1-3, 22
MS-0918_2-3, 22
MS-0920_2-3, 22
MS-0922_2-3, 22
MS-0923_2-3, 22
MS-0925_2-3, 22
MS-0926_2-3, 22
MS-0928_2-3, 22
MS-0930_2-3, 22
MS-0931_2-3, 22
MS-0932_2-3, 22
MS-0933_2-3, 22
MS-0934_2-3, 22
MS-0936_2-3, 22
MS-0937_2-3, 22
MS-0938_2-3, 22
MS-0940_2-3, 22
MS-0941_2-3, 22
MS-0942_2-3, 22
MS-0943_2-3, 22
MS-0944_2-3, 22
MS-0946_2-3, 22
MS-0947_2-3, 22
MS-0950_2-3, 22
MS-0952_2-2, 22
MS-0955_2-3, 22
MS-0957_2-3, 22
MS-0959_2-3, 22
MS-0960_2-3, 22
MS-0961_2-3, 22
MS-0963_2-3, 22
MS-0965_2-3, 22
MS-0967_2-3, 22
MS-0968_2-3, 22
MS-0971_2-3, 22
MS-0972_2-3, 22
MS-0973_2-3, 22
MS-0975_1-3, 22
MS-0975_2-3, 22
MS-0978_2-3, 22
MS-0979_2-3, 22
MS-0980_2-3, 22
MS-0985_1-3, 22
MS-0987_2-3, 22
MS-0988_2-3, 22
MS-0989_2-3, 22
MS-0992_2-3, 22
MS-0993_2-3, 22
MS-0994_2-3, 22
MS-0995_2-3, 22
MS-0996_2-3, 22
MS-0998_2-3, 22
MS-0999_2-3, 22
MS-1001_2-3, 22
MS-1002_2-3, 22
MS-1003_2-3, 22
MS-1005_2-3, 22
MS-1007_2-3, 22
MS-1009_2-3, 22
MS-1010_2-3, 22
MS-1012_2-3, 22
MS-1014_2-3, 22
MS-1015_2-3, 22
MS-1016_2-3, 22
MS-1017_1-3, 22
MS-1017_2-3, 22
MS-1024_2-3, 22
MS-1025_2-3, 22
MS-1026_2-3, 22
MS-1027_2-3, 22
MS-1030_2-3, 22
MS-1031_2-3, 22
MS-1059_2-3, 22
MS-1063_2-3, 22
MS-1068_2-3, 22
MS-1069_2-3, 22
MS-1071_2-3, 22
MS-1072_2-4, 22
MS-1074_2-3, 22
MS-1075_2-3, 22
MS-1076_2-3, 22
MS-1078_2-3, 22
MS-1079_2-3, 22
MS-1080_2-3, 22
MS-1081_2-3, 22
MS-1083_2-3, 22
MS-1084_2-3, 22
MS-1086_2-3, 22
MS-1087_2-3, 22
MS-1088_2-3, 22
MS-1089_2-3, 22
MS-1090_2-3, 22
MS-1091_2-3, 22
MS-1094_2-3, 22
MS-1097_2-3, 22
MS-1098_2-3, 22
MS-1099_2-3, 22
MS-1101_2-3, 22
MS-1103_2-3, 22
MS-1104_2-3, 22
MS-1105_2-3, 22
MS-1107_1-3, 22
MS-1108_2-3, 22
MS-1110_2-2, 22
MS-1111_2-4, 22
MS-1144_2-3, 22
MS-1145_2-3, 22
MS-1146_2-3, 22
MS-1150_2-3, 22
MS-1151_2-3, 22
MS-1152_2-3, 22
MS-1153_2-3, 22
MS-1154_2-3, 22
MS-1155_2-3, 22
MS-1157_2-3, 22
MS-1159_2-3, 22
MS-1160_2-3, 22
MS-1161_2-3, 22
MS-1162_2-3, 22
MS-1163_2-3, 22
MS-1164_2-3, 22
MS-1166_2-3, 22
MS-1167_2-3, 22
MS-1168_2-3, 22
MS-1172_2-3, 22
MS-1174_2-3, 22
MS-1180_2-3, 22
MS-1182_1-3, 22
MS-1182_2-3, 22
MS-1186_2-3, 22
MS-1188_2-3, 22
MS-1191_2-3, 22
MS-1193_2-3, 22
MS-1197_2-3, 22
MS-1198_2-3, 22
MS-1199_2-3, 22
MS-1204_2-2, 22
MS-1205_2-3, 22
MS-1206_2-3, 22
MS-1210_2-3, 22
MS-1212_2-3, 22
MS-1213_2-3, 22
MS-1214_2-3, 22
MS-1217_2-3, 22
MS-1219_2-3, 22
MS-1220_2-3, 22
MS-1222_2-3, 22
MS-1223_2-3, 22
MS-1225_2-3, 22
MS-1227_2-3, 22
MS-1228_2-3, 22
MS-1229_2-3, 22
MS-1231_2-3, 22
MS-1235_2-3, 22
MS-1236_2-3, 22
MS-1238_2-3, 22
MS-1239_2-3, 22
MS-1241_2-3, 22
MS-1243_2-3, 22
MS-1245_2-3, 22
MS-1248_2-3, 22
MS-1249_2-3, 22
MS-1252_2-3, 22
MS-1254_2-3, 22
MS-1256_2-3, 22
MS-1257_2-3, 22
MS-1258_2-3, 22
MS-1259_2-3, 22
MS-1260_1-3, 22
MS-1260_2-3, 22
MS-1262_2-3, 22
MS-1263_2-3, 22
MS-1264_2-3, 22
MS-1268_2-3, 22
MS-1270_2-3, 22
MS-1272_2-3, 22
MS-1273_2-3, 22
MS-1274_2-3, 22
MS-1275_2-3, 22
MS-1276_2-3, 22
MS-1280_2-3, 22
MS-1287_2-3, 22
MS-1289_1-3, 22
MS-1289_2-3, 22
MS-1292_2-3, 22
MS-1293_1-3, 22
MS-1293_2-3, 22
MS-1294_2-3, 22
MS-1298_2-3, 22
MS-1299_2-3, 22
MS-1306_2-3, 22
MS-1312_3-4, 22
MS-1315_2-3, 22
MS-1317_2-3, 22
MS-1325_2-3, 22
MS-1328_2-3, 22
MS-1329_2-3, 22
MS-1330_2-3, 22
MS-1331_2-3, 22
MS-1336_2-3, 22
MS-1337_2-3, 22
MS-1338_2-3, 22
MS-1341_2-3, 22
MS-1343_2-3, 22
MS-1344_2-3, 22
MS-1345_2-3, 22
MS-1346_2-3, 22
MS-1347_2-3, 22
MS-1348_2-3, 22
MS-1349_2-3, 22
MS-1350_2-3, 22
MS-1351_2-3, 22
MS-1352_2-3, 22
MS-1353_2-3, 22
MS-1354_2-3, 22
MS-1355_2-3, 22
MS-1357_2-3, 22
MS-1358_2-3, 22
MS-1360_2-3, 22
MS-1362_2-3, 22
MS-1363_2-3, 22
MS-1364_1-3, 22
MS-1364_2-3, 22
MS-1365_2-3, 22
MS-1366_2-4, 22
MS-1367_2-3, 22
MS-1368_2-3, 22
MS-1370_2-3, 22
MS-1371_2-3, 22
MS-1372_2-3, 22
MS-1374_2-3, 22
MS-1375_2-3, 22
MS-1376_2-3, 22
MS-1377_2-3, 22
MS-1378_2-3, 22
MS-1379_2-3, 22
MS-1380_2-3, 22
MS-1386_2-3, 22
MS-1387_2-3, 22
MS-1388_2-3, 22
MS-1389_2-3, 22
MS-1394_2-3, 22
MS-1395_2-3, 22
MS-1397_2-3, 22
MS-1399_2-3, 22
MS-1404_2-3, 22
MS-1405_2-3, 22
MS-1409_2-3, 22
MS-1411_2-3, 22
MS-1413_2-3, 22
MS-1416_2-3, 22
MS-1419_2-3, 22
MS-1420_2-3, 22
MS-0043_1-3, 21
MS-0062_2-3, 21
MS-0068_1-2, 21
MS-0071_2-3, 21
MS-0083_1-2, 21
MS-0131_1-2, 21
MS-0135_1-3, 21
MS-0149_1-3, 21
MS-0175_1-2, 21
MS-0179_1-2, 21
MS-0179_2-2, 21
MS-0180_1-2, 21
MS-0188_3-3, 21
MS_0191_1-3, 21
MS-0192_2-4, 21
MS-0202_1-3, 21
MS-0220_1-3, 21
MS-0240_2-2, 21
MS-0243_1-3, 21
MS-0302_2-3, 21
MS-0307_2-3, 21
MS-0398_1-2, 21
MS-0405_2-3, 21
MS-0411_1-3, 21
MS-0415_1-3, 21
MS-0466_1-3, 21
MS-0488_1-3, 21
MS-0529_2-2, 21
MS-0554_2-4, 21
MS-0581_1-3, 21
MS-0621_2-3, 21
MS-0625_1-3, 21
MS-0824_1-2, 21
MS-0845_2-3, 21
MS-0853_1-1, 21
MS-0858_3-4, 21
MS-0884_2-3, 21
MS-0917_2-3, 21
MS-0924_2-3, 21
MS-0954_2-3, 21
MS-0956_2-3, 21
MS-0962_2-3, 21
MS-0974_2-3, 21
MS-1008_2-3, 21
MS-1022_2-3, 21
MS-1067_1-3, 21
MS-1072_1-4, 21
MS-1082_2-3, 21
MS-1173_2-3, 21
MS-1216_2-3, 21
MS-1232_2-3, 21
MS-1233_2-3, 21
MS-1237_2-3, 21
MS-1274_1-3, 21
MS-1358_1-3, 21
MS-1363_1-3, 21
MS-1373_1-3, 21
MS-1418_2-3, 21
MS-0132_1-2, 20
MS-0136_1-2, 20
MS-0138_2-3, 20
MS_0139_1-3, 20
MS-0143_1-2, 20
MS-0144_1-3, 20
MS-0148_1-3, 20
MS-0150_1-3, 20
MS-0151_1-3, 20
MS-0152_1-2, 20
MS-0153_2-3, 20
MS-0154_1-3, 20
MS-0155_1-2, 20
MS-0157_1-3, 20
MS-0161_1-3, 20
MS-0162_1-2, 20
MS-0166_1-3, 20
MS-0173_1-3, 20
MS-0178_1-2, 20
MS-0184_1-3, 20
MS-0188_1-3, 20
MS-0192_3-4, 20
MS-0196_1-3, 20
MS-0204_1-3, 20
MS-0206_1-3, 20
MS-0209_1-3, 20
MS-0210_1-3, 20
MS-0212_1-3, 20
MS-0215_1-3, 20
MS-0217_1-3, 20
MS-0219_1-3, 20
MS-0221_1-3, 20
MS-0222_1-3, 20
MS-0223_1-2, 20
MS-0226_1-2, 20
MS-0227_1-3, 20
MS_0228_1-3, 20
MS_0230_1-3, 20
MS_0237_1-4, 20
MS-0239_1-2, 20
MS-0241_1-2, 20
MS-0242_1-3, 20
MS-0245_1-3, 20
MS-0246_1-3, 20
MS-0247_1-3, 20
MS-0248_1-3, 20
MS-0249_1-3, 20
MS-0250_1-3, 20
MS_0257_1-3, 20
MS-0258_2-3, 20
MS-0259_1-3, 20
MS-0261_1-3, 20
MS_0263_1-3, 20
MS-0265_1-2, 20
MS-0266_1-3, 20
MS-0268_1-3, 20
MS-0269_1-3, 20
MS-0270_1-3, 20
MS-0271_1-3, 20
MS-0272_1-3, 20
MS-0273_1-3, 20
MS-0274_1-3, 20
MS-0276_1-3, 20
MS-0281_1-2, 20
MS-0284_1-2, 20
MS-0286_1-3, 20
MS-0288_2-2, 20
MS-0290_1-3, 20
MS-0292_1-3, 20
MS-0293_1-3, 20
MS-0294_3-3, 20
MS-0297_1-3, 20
MS-0302_1-3, 20
MS-0304_1-3, 20
MS-0308_1-3, 20
MS-0361_1-3, 20
MS-0362_1-3, 20
MS-0363_1-3, 20
MS-0365_1-3, 20
MS-0366_1-3, 20
MS-0368_1-3, 20
MS-0370_1-3, 20
MS-0371_1-3, 20
MS-0372_1-3, 20
MS-0373_1-3, 20
MS-0376_1-3, 20
MS-0377_1-3, 20
MS-0378_1-3, 20
MS-0380_1-3, 20
MS-0381_1-3, 20
MS-0382_1-3, 20
MS-0383_1-3, 20
MS-0384_1-3, 20
MS-0385_1-3, 20
MS-0386_1-3, 20
MS-0387_1-3, 20
MS-0388_1-3, 20
MS-0390_1-3, 20
MS-0391_1-3, 20
MS-0392_1-3, 20
MS-0393_1-3, 20
MS-0394_1-3, 20
MS-0395_1-3, 20
MS-0397_1-3, 20
MS-0399_1-2, 20
MS-4001_2-3, 20
MS-4002_1-3, 20
MS-0404_1-3, 20
MS-0405_1-3, 20
MS-0407_1-3, 20
MS-0408_1-3, 20
MS-0410_1-3, 20
MS-0412_1-3, 20
MS-0413_1-3, 20
MS-0416_1-3, 20
MS-0419_1-3, 20
MS-0420_1-3, 20
MS-0423_1-3, 20
MS-0424_1-3, 20
MS-0425_1-3, 20
MS_0427_1-3, 20
MS_0429_1-3, 20
MS_0432_1-3, 20
MS_0434_1-3, 20
MS_0436_1-3, 20
MS_0437_1-3, 20
MS_0441_1-3, 20
MS_0442_1-3, 20
MS_0443_1-3, 20
MS_0445_1-3, 20
MS_0446_1-3, 20
MS_0447_1-3, 20
MS_0450_1-3, 20
MS-0451_1-3, 20
MS-0452_1-3, 20
MS-0453_1-3, 20
MS-0454_1-3, 20
MS-0455_1-3, 20
MS-0455_2-3, 20
MS-0457_1-3, 20
MS-0458_1-3, 20
MS-0460_1-3, 20
MS-0461_1-3, 20
MS-0462_1-3, 20
MS-0463_1-3, 20
MS-0464_1-3, 20
MS-0465_1-3, 20
MS-0467_1-3, 20
MS-0468_1-3, 20
MS-0469_1-3, 20
MS-0471_1-3, 20
MS-0472_1-3, 20
MS-0474_1-3, 20
MS-0475_1-3, 20
MS-0477_1-3, 20
MS-0478_1-3, 20
MS-0479_1-3, 20
MS-0480_1-3, 20
MS-0481_1-3, 20
MS-0483_1-3, 20
MS-0484_1-3, 20
MS-0485_1-3, 20
MS-0489_1-3, 20
MS-0490_1-3, 20
MS-0491_1-3, 20
MS-0492_1-3, 20
MS-0494_1-3, 20
MS-0495_1-3, 20
MS-0496_1-3, 20
MS-0496_3-3, 20
MS-0498_1-3, 20
MS-0499_1-3, 20
MS-0500_1-3, 20
MS-0501_1-3, 20
MS-0502_1-3, 20
MS-0504_1-3, 20
MS-0506_1-3, 20
MS-0507_1-3, 20
MS-0508_1-3, 20
MS-0509_1-3, 20
MS-0510_1-3, 20
MS-0512_1-3, 20
MS-0513_1-3, 20
MS-0514_1-3, 20
MS-0515_1-3, 20
MS-0516_1-3, 20
MS-0517_1-3, 20
MS-0518_1-3, 20
MS-0519_1-3, 20
MS-0520_1-3, 20
MS-0521_1-3, 20
MS-0522_1-3, 20
MS-0523_1-3, 20
MS-0524_1-3, 20
MS-0525_1-3, 20
MS-0526_1-3, 20
MS-0527_1-3, 20
MS-0529_1-2, 20
MS-0531_1-3, 20
MS-0532_1-3, 20
MS-0535_1-3, 20
MS-0536_1-3, 20
MS-0537_1-3, 20
MS-0538_1-3, 20
MS-0539_1-3, 20
MS-0540_1-3, 20
MS-0541_1-3, 20
MS-0542_1-3, 20
MS-0544_1-3, 20
MS-0545_1-3, 20
MS-0547_1-3, 20
MS-0548_1-3, 20
MS-0549_1-3, 20
MS-0552_1-3, 20
MS-0553_1-3, 20
MS-0554_1-4, 20
MS-0555_1-3, 20
MS-0556_1-3, 20
MS-0558_1-3, 20
MS-0559_1-3, 20
MS-0560_1-3, 20
MS-0562_1-3, 20
MS-0563_1-3, 20
MS-0565_1-3, 20
MS-0566_1-3, 20
MS-0569_2-3, 20
MS-0570_1-2, 20
MS-0572_1-3, 20
MS-0573_1-2, 20
MS-0574_1-3, 20
MS-0575_1-3, 20
MS-0577_1-3, 20
MS-0578_1-3, 20
MS-0582_1-3, 20
MS-0583_1-3, 20
MS-0584_1-3, 20
MS-0585_1-3, 20
MS-0586_1-3, 20
MS-0587_1-3, 20
MS-0588_1-3, 20
MS-0589_1-3, 20
MS-0590_1-3, 20
MS-0591_1-3, 20
MS-0592_1-3, 20
MS-0595_1-3, 20
MS-0598_1-3, 20
MS-0599_1-3, 20
MS-0600_1-3, 20
MS-0602_1-3, 20
MS-0608_1-3, 20
MS-0612_1-3, 20
MS-0615_1-3, 20
MS-0618_1-3, 20
MS-0619_1-3, 20
MS-0620_1-3, 20
MS-0622_1-3, 20
MS-0623_1-3, 20
MS-0626_2-3, 20
MS-0627_1-3, 20
MS-0630_1-3, 20
MS-0631_1-3, 20
MS-0632_1-3, 20
MS-0634_1-3, 20
MS-0635_1-3, 20
MS-0638_1-4, 20
MS-0639_1-3, 20
MS-0640_1-3, 20
MS-0641_1-3, 20
MS-0642_1-3, 20
MS-0647_1-3, 20
MS-0650_1-3, 20
MS-0651_1-3, 20
MS-0658_1-3, 20
MS-0660_1-3, 20
MS-0664_1-2, 20
MS-0666_1-3, 20
MS-0667_1-3, 20
MS-0669_1-3, 20
MS-0670_1-3, 20
MS-0671_1-3, 20
MS-0673_1-3, 20
MS-0674_1-3, 20
MS-0676_1-3, 20
MS-0678_1-3, 20
MS-0683_1-3, 20
MS-0684_2-2, 20
MS-0686_3-3, 20
MS-0691_1-3, 20
MS-0691_3-3, 20
MS-0692_1-2, 20
MS-0693_1-2, 20
MS-0695_1-3, 20
MS-0696_1-3, 20
MS-0697_1-3, 20
MS-0699_1-3, 20
MS-0700_1-3, 20
MS-0701_1-3, 20
MS-0702_1-3, 20
MS-0703_1-3, 20
MS-0704_2-2, 20
MS-0705_1-3, 20
MS-0706_1-3, 20
MS-0707_1-2, 20
MS-0708_1-3, 20
MS-0710_3-3, 20
MS-0711_1-3, 20
MS-0711_2-3, 20
MS-0713_1-3, 20
MS-0714_1-2, 20
MS-0715_1-3, 20
MS-0716_1-3, 20
MS-0716_2-3, 20
MS-0716_3-3, 20
MS-0718_1-3, 20
MS-0719_1-3, 20
MS-0720_1-3, 20
MS-0721_1-3, 20
MS-0722_1-3, 20
MS-0723_1-3, 20
MS-0724_1-2, 20
MS-0725_1-3, 20
MS-0726_1-3, 20
MS-0727_3-3, 20
MS-0729_3-3, 20
MS-0730_1-2, 20
MS-0733_1-3, 20
MS-0733_3-3, 20
MS-0734_1-3, 20
MS-0735_1-3, 20
MS-0736_1-3, 20
MS-0738_1-2, 20
MS-0739_1-3, 20
MS-0740_1-3, 20
MS-0741_1-3, 20
MS-0743_1-3, 20
MS-0744_1-3, 20
MS-0745_1-3, 20
MS-0746_1-3, 20
MS-0747_1-3, 20
MS-0749_1-3, 20
MS-0750_1-3, 20
MS-0751_1-3, 20
MS-0752_1-3, 20
MS-0752_3-3, 20
MS-0753_1-2, 20
MS-0754_1-3, 20
MS-0757_1-4, 20
MS-0758_1-3, 20
MS-0759_1-3, 20
MS-0761_1-3, 20
MS-0761_3-3, 20
MS-0762_1-3, 20
MS-0763_3-3, 20
MS-0764_1-3, 20
MS-0765_1-3, 20
MS-0766_1-3, 20
MS-0767_1-3, 20
MS-0768_1-3, 20
MS-0769_1-3, 20
MS-0769_3-3, 20
MS-0770_1-3, 20
MS-0771_1-3, 20
MS-0772_1-3, 20
MS-0773_3-3, 20
MS-0775_1-3, 20
MS-0776_1-3, 20
MS-0780_1-3, 20
MS-0782_1-2, 20
MS-0783_2-2, 20
MS-0787_1-3, 20
MS-0791_2-2, 20
MS-0792_3-3, 20
MS-0794_1-3, 20
MS-0795_1-3, 20
MS-0797_1-3, 20
MS-0800_1-2, 20
MS-0801_1-3, 20
MS-0802_1-3, 20
MS-0804_1-3, 20
MS-0804_3-3, 20
MS-0805_1-3, 20
MS-0807_1-2, 20
MS-0808_1-3, 20
MS-0809_1-3, 20
MS-0811_1-3, 20
MS-0812_1-3, 20
MS-0813_1-3, 20
MS-0814_1-3, 20
MS-0815_1-3, 20
MS-0816_1-3, 20
MS-0817_1-3, 20
MS-0818_1-3, 20
MS-0819_1-3, 20
MS-0820_1-3, 20
MS-0821_1-3, 20
MS-0822_1-3, 20
MS-0823_1-2, 20
MS-0825_1-3, 20
MS-0826_1-2, 20
MS-0829_1-2, 20
MS-0830_2-2, 20
MS-0831_1-3, 20
MS-0832_1-3, 20
MS-0835_1-3, 20
MS-0836_1-3, 20
MS-0837_1-3, 20
MS-0838_1-3, 20
MS-0839_1-3, 20
MS-0840_1-3, 20
MS-0841_1-3, 20
MS-0842_1-3, 20
MS-0843_1-3, 20
MS-0844_1-3, 20
MS-0845_1-3, 20
MS-0846_1-3, 20
MS-0846_2-3, 20
MS-0847_2-2, 20
MS-0848_1-3, 20
MS-0849_1-3, 20
MS-0850_1-3, 20
MS-0851_1-3, 20
MS-0852_1-3, 20
MS-0854_1-2, 20
MS-0855_1-3, 20
MS-0856_1-3, 20
MS-0857_1-2, 20
MS-0858_1-4, 20
MS-0859_1-3, 20
MS-0860_1-3, 20
MS-0861_1-3, 20
MS-0862_1-3, 20
MS-0863_1-3, 20
MS-0864_1-3, 20
MS-0865_1-3, 20
MS-0866_1-3, 20
MS-0867_1-3, 20
MS-0868_1-2, 20
MS-0868_2-2, 20
MS-0869_1-3, 20
MS-0870_1-3, 20
MS-0871_1-3, 20
MS-0872_1-3, 20
MS-0873_1-3, 20
MS-0874_1-3, 20
MS-0876_1-3, 20
MS-0877_1-3, 20
MS-0878_1-3, 20
MS-0879_1-3, 20
MS-0880_1-3, 20
MS-0881_1-3, 20
MS-0882_1-3, 20
MS-0883_1-3, 20
MS-0884_1-3, 20
MS-0885_1-3, 20
MS-0886_1-3, 20
MS-0887_1-3, 20
MS-0888_1-3, 20
MS-0889_1-3, 20
MS-0890_1-3, 20
MS-0891_1-3, 20
MS-0892_1-3, 20
MS-0893_1-3, 20
MS-0894_1-3, 20
MS-0895_1-3, 20
MS-0896_1-3, 20
MS-0897_1-3, 20
MS-0898_1-3, 20
MS-0899_1-3, 20
MS-0900_1-3, 20
MS-0901_1-3, 20
MS-0903_1-3, 20
MS-0904_1-3, 20
MS-0907_1-3, 20
MS-0908_1-3, 20
MS-0909_1-3, 20
MS-0910_1-3, 20
MS-0911_1-3, 20
MS-0912_1-3, 20
MS-0913_1-3, 20
MS-0914_1-3, 20
MS-0915_1-3, 20
MS-0916_1-3, 20
MS-0918_1-3, 20
MS-0919_1-3, 20
MS-0920_1-3, 20
MS-0921_1-3, 20
MS-0922_1-3, 20
MS-0923_1-3, 20
MS-0924_1-3, 20
MS-0927_1-3, 20
MS-0928_1-3, 20
MS-0929_1-2, 20
MS-0929_2-2, 20
MS-0931_1-3, 20
MS-0933_1-3, 20
MS-0934_1-3, 20
MS-0935_1-3, 20
MS-0935_2-3, 20
MS-0936_1-3, 20
MS-0937_1-3, 20
MS-0938_1-3, 20
MS-0939_1-3, 20
MS-0942_1-3, 20
MS-0943_1-3, 20
MS-0944_1-3, 20
MS-0946_1-3, 20
MS-0947_1-3, 20
MS-0948_1-2, 20
MS-0950_1-3, 20
MS-0951_1-2, 20
MS-0951_2-2, 20
MS-0952_1-2, 20
MS-0953_1-2, 20
MS-0954_1-3, 20
MS-0955_1-3, 20
MS-0956_1-3, 20
MS-0957_1-3, 20
MS-0958_1-3, 20
MS-0959_1-3, 20
MS-0960_1-3, 20
MS-0961_1-3, 20
MS-0962_1-3, 20
MS-0963_1-3, 20
MS-0964_1-3, 20
MS-0967_1-3, 20
MS-0968_1-3, 20
MS-0969_1-3, 20
MS-0971_1-3, 20
MS-0973_1-3, 20
MS-0974_1-3, 20
MS-0976_1-3, 20
MS-0976_2-3, 20
MS-0977_1-3, 20
MS-0978_1-3, 20
MS-0979_1-3, 20
MS-0980_1-3, 20
MS-0981_1-2, 20
MS-0982_1-3, 20
MS-0987_1-3, 20
MS-0988_1-3, 20
MS-0989_1-3, 20
MS-0990_1-3, 20
MS-0990_2-3, 20
MS-0991_1-3, 20
MS-0992_1-3, 20
MS-0994_1-3, 20
MS-0995_1-3, 20
MS-0996_1-3, 20
MS-0997_1-3, 20
MS-0999_1-3, 20
MS-1000_1-3, 20
MS-1000_2-3, 20
MS-1001_1-3, 20
MS-1002_1-3, 20
MS-1003_1-3, 20
MS-1004_1-3, 20
MS-1005_1-3, 20
MS-1006_1-3, 20
MS-1006_2-3, 20
MS-1007_1-3, 20
MS-1008_1-3, 20
MS-1009_1-3, 20
MS-1010_1-3, 20
MS-1011_1-3, 20
MS-1012_1-3, 20
MS-1013_1-3, 20
MS-1013_2-3, 20
MS-1015_1-3, 20
MS-1016_1-3, 20
MS-1018_1-3, 20
MS-1019_1-3, 20
MS-1020_1-3, 20
MS-1021_1-3, 20
MS-1022_1-3, 20
MS-1023_1-3, 20
MS-1025_1-3, 20
MS-1026_1-3, 20
MS-1027_1-3, 20
MS-1028_1-3, 20
MS-1030_1-3, 20
MS-1031_1-3, 20
MS-1032_1-3, 20
MS-1033_1-2, 20
MS-1034_1-3, 20
MS-1035_1-3, 20
MS-1036_1-3, 20
MS-1037_1-3, 20
MS-1038_1-3, 20
MS-1039_1-3, 20
MS-1040_1-3, 20
MS-1041_1-3, 20
MS-1042_1-3, 20
MS-1043_1-3, 20
MS-1044_1-3, 20
MS-1045_1-3, 20
MS-1046_1-3, 20
MS-1047_1-3, 20
MS-1048_1-3, 20
MS-1049_1-3, 20
MS-1050_1-3, 20
MS-1051_1-3, 20
MS-1052_1-3, 20
MS-1053_1-3, 20
MS-1054_1-3, 20
MS-1055_1-3, 20
MS-1056_1-3, 20
MS-1057_1-3, 20
MS-1058_1-3, 20
MS-1059_1-3, 20
MS-1060_1-3, 20
MS-1062_1-3, 20
MS-1063_1-3, 20
MS-1063_3-3, 20
MS-1064_1-3, 20
MS-1065_1-3, 20
MS-1066_1-3, 20
MS-1067_2-3, 20
MS-1068_1-3, 20
MS-1069_1-3, 20
MS-1070_1-3, 20
MS-1071_1-3, 20
MS-1073_1-3, 20
MS-1074_1-3, 20
MS-1075_1-3, 20
MS-1076_1-3, 20
MS-1077_1-3, 20
MS-1078_1-3, 20
MS-1078_3-3, 20
MS-1079_1-3, 20
MS-1079_3-3, 20
MS-1080_1-3, 20
MS-1080_3-3, 20
MS-1081_3-3, 20
MS-1082_1-3, 20
MS-1084_1-3, 20
MS-1085_1-3, 20
MS-1086_1-3, 20
MS-1087_1-3, 20
MS-1088_1-3, 20
MS-1089_1-3, 20
MS-1090_1-3, 20
MS-1091_1-3, 20
MS-1092_1-3, 20
MS-1096_1-3, 20
MS-1097_1-3, 20
MS-1098_1-3, 20
MS-1099_1-3, 20
MS-1100_1-3, 20
MS-1101_1-3, 20
MS-1102_1-3, 20
MS-1103_1-3, 20
MS-1104_1-3, 20
MS-1105_1-3, 20
MS-1106_1-3, 20
MS-1107_3-3, 20
MS-1109_1-3, 20
MS-1112_1-3, 20
MS-1113_1-3, 20
MS-1114_1-4, 20
MS-1114_3-4, 20
MS-1115_1-2, 20
MS-1115_2-2, 20
MS-1116_1-4, 20
MS-1116_2-4, 20
MS-1116_3-4, 20
MS-1117_1-4, 20
MS-1117_2-4, 20
MS-1117_3-4, 20
MS-1118_1-4, 20
MS-1118_2-4, 20
MS-1118_3-4, 20
MS-1119_1-4, 20
MS-1119_2-4, 20
MS-1119_3-4, 20
MS-1120_1-4, 20
MS-1120_2-4, 20
MS-1120_3-4, 20
MS-1121_1-4, 20
MS-1121_2-4, 20
MS-1121_3-4, 20
MS-1122_2-4, 20
MS-1122_3-4, 20
MS-1123_2-5, 20
MS-1123_5-5, 20
MS-1124_1-3, 20
MS-1124_2-3, 20
MS-1125_1-4, 20
MS-1125_2-4, 20
MS-1125_3-4, 20
MS-1126_1-4, 20
MS-1126_3-4, 20
MS-1127_1-4, 20
MS-1127_2-4, 20
MS-1127_3-4, 20
MS-1128_1-4, 20
MS-1128_2-4, 20
MS-1128_3-4, 20
MS-1129_1-4, 20
MS-1129_2-4, 20
MS-1129_3-4, 20
MS-1130_1-4, 20
MS-1130_2-4, 20
MS-1130_3-4, 20
MS-1131_1-4, 20
MS-1131_2-4, 20
MS-1131_3-4, 20
MS-1132_1-4, 20
MS-1132_2-4, 20
MS-1133_1-4, 20
MS-1133_2-4, 20
MS-1133_3-4, 20
MS-1134_1-4, 20
MS-1134_2-4, 20
MS-1134_3-4, 20
MS-1135_1-2, 20
MS-1135_2-2, 20
MS-1136_1-4, 20
MS-1136_2-4, 20
MS-1136_3-4, 20
MS-1137_1-2, 20
MS-1137_2-2, 20
MS-1138_1-4, 20
MS-1138_2-4, 20
MS-1138_3-4, 20
MS-1139_1-4, 20
MS-1139_2-4, 20
MS-1139_3-4, 20
MS-1140_1-4, 20
MS-1140_2-4, 20
MS-1140_3-4, 20
MS-1141_1-4, 20
MS-1141_2-4, 20
MS-1141_3-4, 20
MS-1142_1-4, 20
MS-1142_2-4, 20
MS-1142_3-4, 20
MS-1143_1-4, 20
MS-1143_2-4, 20
MS-1143_3-4, 20
MS-1144_1-3, 20
MS-1145_1-3, 20
MS-1146_1-3, 20
MS-1147_1-3, 20
MS-1148_1-4, 20
MS-1149_1-3, 20
MS-1150_1-3, 20
MS-1151_1-3, 20
MS-1152_1-3, 20
MS-1153_1-3, 20
MS-1154_1-3, 20
MS-1156_1-2, 20
MS-1156_2-2, 20
MS-1158_1-3, 20
MS-1159_1-3, 20
MS-1160_1-3, 20
MS-1161_1-3, 20
MS-1162_1-3, 20
MS-1163_1-3, 20
MS-1164_1-3, 20
MS-1165_1-3, 20
MS-1165_2-3, 20
MS-1166_1-3, 20
MS-1167_1-3, 20
MS-1168_1-3, 20
MS-1171_1-3, 20
MS-1173_1-3, 20
MS-1174_1-3, 20
MS-1175_1-3, 20
MS-1176_1-3, 20
MS-1177_1-3, 20
MS-1178_1-3, 20
MS-1179_1-3, 20
MS-1180_1-3, 20
MS-1181_1-3, 20
MS-1183_1-3, 20
MS-1184_1-3, 20
MS-1185_1-3, 20
MS-1186_1-3, 20
MS-1187_1-3, 20
MS-1188_1-3, 20
MS-1189_1-3, 20
MS-1190_1-3, 20
MS-1191_1-3, 20
MS-1192_1-3, 20
MS-1193_1-3, 20
MS-1194_1-3, 20
MS-1195_1-3, 20
MS-1196_1-3, 20
MS-1197_1-3, 20
MS-1200_1-3, 20
MS-1201_1-3, 20
MS-1202_1-2, 20
MS-1202_2-2, 20
MS-1203_2-3, 20
MS-1204_1-2, 20
MS-1206_1-3, 20
MS-1207_2-3, 20
MS-1210_1-3, 20
MS-1211_1-3, 20
MS-1212_1-3, 20
MS-1213_1-3, 20
MS-1214_1-3, 20
MS-1215_2-3, 20
MS-1217_1-3, 20
MS-1218_2-3, 20
MS-1219_1-3, 20
MS-1220_1-3, 20
MS-1221_1-3, 20
MS-1221_2-3, 20
MS-1224_1-3, 20
MS-1225_1-3, 20
MS-1226_1-3, 20
MS-1227_1-3, 20
MS-1228_1-3, 20
MS-1229_1-3, 20
MS-1230_2-3, 20
MS-1231_1-3, 20
MS-1232_1-3, 20
MS-1234_1-3, 20
MS-1234_2-3, 20
MS-1235_1-3, 20
MS-1236_1-3, 20
MS-1237_1-3, 20
MS-1238_1-3, 20
MS-1239_1-3, 20
MS-1240_1-3, 20
MS-1240_2-3, 20
MS-1241_1-3, 20
MS-1242_1-3, 20
MS-1243_1-3, 20
MS-1244_1-3, 20
MS-1244_2-3, 20
MS-1245_1-3, 20
MS-1246_1-3, 20
MS-1246_2-3, 20
MS-1247_2-3, 20
MS-1248_1-3, 20
MS-1249_1-3, 20
MS-1250_1-3, 20
MS-1250_2-3, 20
MS-1251_1-3, 20
MS-1251_2-3, 20
MS-1252_1-3, 20
MS-1253_1-3, 20
MS-1253_2-3, 20
MS-1254_1-3, 20
MS-1255_1-3, 20
MS-1255_2-3, 20
MS-1256_1-3, 20
MS-1259_1-3, 20
MS-1262_1-3, 20
MS-1263_1-3, 20
MS-1264_1-3, 20
MS-1267_1-3, 20
MS-1268_1-3, 20
MS-1269_1-3, 20
MS-1270_1-3, 20
MS-1271_1-3, 20
MS-1273_1-3, 20
MS-1275_1-3, 20
MS-1276_1-3, 20
MS-1277_1-3, 20
MS-1279_1-3, 20
MS-1280_1-3, 20
MS-1281_1-3, 20
MS-1282_1-3, 20
MS-1283_1-3, 20
MS-1284_1-3, 20
MS-1285_1-3, 20
MS-1285_2-3, 20
MS-1286_1-3, 20
MS-1287_1-3, 20
MS-1288_1-3, 20
MS-1292_1-3, 20
MS-1294_1-3, 20
MS-1296_1-3, 20
MS-1297_1-3, 20
MS-1298_1-3, 20
MS-1299_1-3, 20
MS-1300_1-3, 20
MS-1301_1-3, 20
MS-1302_1-3, 20
MS-1303_1-3, 20
MS-1304_1-3, 20
MS-1305_1-3, 20
MS-1306_1-3, 20
MS-1308_1-3, 20
MS-1309_1-3, 20
MS-1310_1-3, 20
MS-1311_1-3, 20
MS-1312_1-4, 20
MS-1313_1-3, 20
MS-1314_1-3, 20
MS-1315_1-3, 20
MS-1316_1-3, 20
MS-1317_1-3, 20
MS-1318_1-3, 20
MS-1319_1-3, 20
MS-1320_1-3, 20
MS-1321_1-3, 20
MS-1322_1-3, 20
MS-1323_1-3, 20
MS-1324_1-3, 20
MS-1325_1-3, 20
MS-1326_1-3, 20
MS-1327_1-3, 20
MS-1328_1-3, 20
MS-1329_1-3, 20
MS-1330_1-3, 20
MS-1331_1-3, 20
MS-1333_1-2, 20
MS-1333_2-2, 20
MS-1334_1-2, 20
MS-1334_2-2, 20
MS-1335_1-2, 20
MS-1335_2-2, 20
MS-1336_1-3, 20
MS-1337_1-3, 20
MS-1338_1-3, 20
MS-1340_1-3, 20
MS-1341_1-3, 20
MS-1342_1-3, 20
MS-1343_1-3, 20
MS-1344_1-3, 20
MS-1345_1-3, 20
MS-1346_1-3, 20
MS-1348_1-3, 20
MS-1349_1-3, 20
MS-1350_1-3, 20
MS-1351_1-3, 20
MS-1352_1-3, 20
MS-1353_1-3, 20
MS-1354_1-3, 20
MS-1355_1-3, 20
MS-1356_1-3, 20
MS-1357_1-3, 20
MS-1359_1-3, 20
MS-1360_1-3, 20
MS-1361_1-3, 20
MS-1365_1-3, 20
MS-1366_1-4, 20
MS-1367_1-3, 20
MS-1368_1-3, 20
MS-1369_1-3, 20
MS-1370_3-3, 20
MS-1371_1-3, 20
MS-1374_1-3, 20
MS-1375_1-3, 20
MS-1376_1-3, 20
MS-1377_1-3, 20
MS-1378_1-3, 20
MS-1379_1-3, 20
MS-1380_1-3, 20
MS-1383_1-3, 20
MS-1384_1-3, 20
MS-1385_1-3, 20
MS-1386_1-3, 20
MS-1387_1-3, 20
MS-1388_1-3, 20
MS-1389_1-3, 20
MS-1390_1-3, 20
MS-1391_1-3, 20
MS-1392_1-3, 20
MS-1393_1-3, 20
MS-1394_1-3, 20
MS-1396_1-3, 20
MS-1397_1-3, 20
MS-1398_1-3, 20
MS-1399_1-3, 20
MS-1400_1-3, 20
MS-1401_1-3, 20
MS-1402_1-3, 20
MS-1404_1-3, 20
MS-1405_1-3, 20
MS-1407_1-3, 20
MS-1408_1-3, 20
MS-1411_1-3, 20
MS-1412_1-3, 20
MS-1413_1-3, 20
MS-1415_1-3, 20
MS-1416_1-3, 20
MS-1417_1-3, 20
MS-1418_1-3, 20
MS-1419_1-3, 20
MS-1421_1-3, 20
MS-1423_1-3, 20
MS-1424_1-3, 20
MS-1425_1-3, 20
MS-1425_2-3, 20
MS-1427_1-3, 20
MS-0131_2-2, 19
MS-0133_1-3, 19
MS-0135_2-3, 19
MS-0144_3-3, 19
MS-0147_1-3, 19
MS-0150_2-3, 19
MS-0164_2-3, 19
MS-0185_1-3, 19
MS-0189_1-3, 19
MS_0229_1-3, 19
MS_0233_1-3, 19
MS_0238_1-2, 19
MS_0252_1-3, 19
MS_0254_1-3, 19
MS-0258_1-3, 19
MS-0275_1-2, 19
MS-0282_1-2, 19
MS-0285_1-2, 19
MS-0291_2-3, 19
MS-0294_1-3, 19
MS-0357_1-3, 19
MS-0358_1-3, 19
MS-0374_1-3, 19
MS-0422_1-3, 19
MS_0428_1-3, 19
MS_0430_1-3, 19
MS_0433_1-3, 19
MS_0435_1-3, 19
MS_0438_3-3, 19
MS_0440_1-3, 19
MS_0444_1-3, 19
MS_0448_1-3, 19
MS_0449_1-3, 19
MS-0456_1-3, 19
MS-0470_1-3, 19
MS-0505_1-3, 19
MS-0511_1-3, 19
MS-0530_1-3, 19
MS-0561_1-3, 19
MS-0568_1-3, 19
MS-0569_1-3, 19
MS-0576_1-3, 19
MS-0596_1-3, 19
MS-0601_1-3, 19
MS-0605_1-3, 19
MS-0606_1-3, 19
MS-0607_1-3, 19
MS-0609_1-3, 19
MS-0610_1-3, 19
MS-0611_1-3, 19
MS-0614_1-3, 19
MS-0616_1-3, 19
MS-0628_1-3, 19
MS-0636_1-3, 19
MS-0644_2-3, 19
MS-0646_1-3, 19
MS-0648_1-3, 19
MS-0649_1-3, 19
MS-0652_1-3, 19
MS-0654_1-3, 19
MS-0656_1-3, 19
MS-0668_1-3, 19
MS-0675_1-3, 19
MS-0679_1-3, 19
MS-0680_1-3, 19
MS-0708_3-3, 19
MS-0709_1-3, 19
MS-0712_1-2, 19
MS-0729_1-3, 19
MS-0732_1-3, 19
MS-0736_3-3, 19
MS-0742_1-3, 19
MS-0744_2-3, 19
MS-0746_3-3, 19
MS-0748_1-3, 19
MS-0777_1-3, 19
MS-0784_1-2, 19
MS-0784_2-2, 19
MS-0786_3-3, 19
MS-0827_1-2, 19
MS-0828_1-3, 19
MS-0830_1-2, 19
MS-0941_1-3, 19
MS-0953_2-2, 19
MS-0970_1-3, 19
MS-1024_1-3, 19
MS-1029_1-3, 19
MS-1081_1-3, 19
MS-1095_1-3, 19
MS-1114_2-4, 19
MS-1223_1-5, 19
MS-1123_3-5, 19
MS-1126_2-4, 19
MS-1132_3-4, 19
MS-1155_1-3, 19
MS-1157_1-3, 19
MS-1169_1-3, 19
MS-1170_1-3, 19
MS-1215_1-3, 19
MS-1216_1-3, 19
MS-1218_1-3, 19
MS-1222_1-3, 19
MS-1230_1-3, 19
MS-1290_1-3, 19
MS-1295_1-1, 19
MS-1307_1-3, 19
MS-1332_1-2, 19
MS-1370_1-3, 19
MS-1372_1-3, 19
MS-1395_1-3, 19
MS-1403_1-3, 19
MS-1406_1-3, 19
MS-1409_1-3, 19
MS-1410_1-3, 19
MS-1420_1-3, 19
MS-1422_1-3, 19
MS-0062_1-3, 18
MS-0081_1-3, 18
MS-0132_2-2, 18
MS-0134_1-2, 18
MS-0137_2-3, 18
MS-0142_1-2, 18
MS-0181_1-3, 18
MS-0198_1-3, 18
MS_0234_1-2, 18
MS_0236_2-2, 18
MS-0244_1-3, 18
MS_0256_1-3, 18
MS-0260_1-3, 18
MS-0267_1-3, 18
MS-0277_1-2, 18
MS-0278_1-3, 18
MS-0279_1-3, 18
MS-0283_1-2, 18
MS-0286_3-3, 18
MS-0287_2-2, 18
MS-0295_1-2, 18
MS-0296_1-3, 18
MS-0298_1-3, 18
MS-0299_1-3, 18
MS-0300_1-3, 18
MS-0301_1-3, 18
MS-0303_1-3, 18
MS-0305_1-3, 18
MS-0306_1-3, 18
MS-0359_1-3, 18
MS-0360_1-3, 18
MS-0364_1-3, 18
MS-0367_1-2, 18
MS-0369_1-3, 18
MS-0375_1-3, 18
MS-0389_1-3, 18
MS-0396_1-3, 18
MS-4003_1-3, 18
MS-0406_1-3, 18
MS-0414_1-3, 18
MS-0417_1-3, 18
MS-0421_1-3, 18
MS_0426_1-3, 18
MS_0431_1-3, 18
MS-0473_1-3, 18
MS-0482_1-3, 18
MS-0528_1-2, 18
MS-0533_1-3, 18
MS-0543_1-3, 18
MS-0546_1-3, 18
MS-0550_1-3, 18
MS-0551_1-3, 18
MS-0557_1-2, 18
MS-0564_1-3, 18
MS-0571_1-1, 18
MS-0580_1-3, 18
MS-0593_1-3, 18
MS-0613_1-3, 18
MS-0617_1-3, 18
MS-0633_1-3, 18
MS-0645_1-3, 18
MS-0653_1-3, 18
MS-0672_1-3, 18
MS-0681_1-3, 18
MS-0682_1-3, 18
MS-0682_3-3, 18
MS-0685_1-2, 18
MS-0685_2-2, 18
MS-0686_1-3, 18
MS-0690_1-3, 18
MS-0704_1-2, 18
MS-0710_1-3, 18
MS-0717_1-3, 18
MS-0722_3-3, 18
MS-0727_1-3, 18
MS-0731_1-3, 18
MS-0755_1-2, 18
MS-0760_1-3, 18
MS-0763_1-3, 18
MS-0764_3-3, 18
MS-0773_1-3, 18
MS-0780_3-3, 18
MS-0781_1-2, 18
MS-0783_1-2, 18
MS-0786_1-3, 18
MS-0788_1-3, 18
MS-0789_1-3, 18
MS-0790_1-3, 18
MS-0791_1-2, 18
MS-0792_1-3, 18
MS-0793_1-3, 18
MS-0794_3-3, 18
MS-0796_1-3, 18
MS-0799_1-2, 18
MS-0802_3-3, 18
MS-0803_1-2, 18
MS-0806_1-2, 18
MS-0810_1-3, 18
MS-0833_1-3, 18
MS-0834_1-3, 18
MS-0862_2-3, 18
MS-0875_1-3, 18
MS-0925_1-3, 18
MS-0926_1-3, 18
MS-0932_1-3, 18
MS-0940_1-3, 18
MS-0949_1-2, 18
MS-0965_1-3, 18
MS-0972_1-3, 18
MS-0983_1-3, 18
MS-0998_1-3, 18
MS-1011_2-3, 18
MS-1012_3-3, 18
MS-1014_1-3, 18
MS-1061_1-3, 18
MS-1072_3-4, 18
MS-1076_3-3, 18
MS-1083_3-3, 18
MS-1093_1-3, 18
MS-1094_1-3, 18
MS-1104_3-3, 18
MS-1108_1-3, 18
MS-1110_1-2, 18
MS-1111_1-4, 18
MS-1122_1-4, 18
MS-1147_2-3, 18
MS-1172_1-3, 18
MS-1198_1-3, 18
MS-1199_1-3, 18
MS-1203_1-3, 18
MS-1205_1-3, 18
MS-1207_1-3, 18
MS-1208_1-3, 18
MS-1209_1-3, 18
MS-1223_1-3, 18
MS-1233_1-3, 18
MS-1242_2-3, 18
MS-1258_1-3, 18
MS-1261_1-3, 18
MS-1265_1-3, 18
MS-1266_1-3, 18
MS-1272_1-3, 18
MS-1339_1-2, 18
MS-1347_1-3, 18
MS-1382_1-3, 18
MS-1412_2-3, 18
MS-0075_1-3, 17
MS-0137_3-3, 17
MS-0180_2-2, 17
MS-0225_2-2, 17
MS_0232_1-3, 17
MS_0234_2-2, 17
MS-0274_3-3, 17
MS-0418_1-3, 17
MS_0438_1-3, 17
MS-0486_1-3, 17
MS-0626_1-3, 17
MS-0629_1-3, 17
MS-0643_1-3, 17
MS-0663_1-3, 17
MS-0677_1-3, 17
MS-0693_2-2, 17
MS-0725_3-3, 17
MS-0774_1-3, 17
MS-0797_3-3, 17
MS-0826_2-2, 17
MS-0902_1-3, 17
MS-0977_2-3, 17
MS-0986_1-3, 17
MS-1023_2-3, 17
MS-1196_2-3, 17
MS-1201_2-3, 17
MS-1203_3-3, 17
MS-1362_1-3, 17
MS-0062_3-3, 16
MS-0138_3-3, 16
MS_0236_1-2, 16
MS_0253_1-4, 16
MS_0262_1-3, 16
MS-0287_1-2, 16
MS-0288_1-2, 16
MS-0295_2-2, 16
MS-0307_1-3, 16
MS-0367_2-2, 16
MS-0409_1-3, 16
MS-0534_2-2, 16
MS-0560_3-3, 16
MS-0638_3-4, 16
MS-0684_1-2, 16
MS-0705_3-3, 16
MS-0728_1-3, 16
MS-0731_3-3, 16
MS-0737_1-3, 16
MS-0756_1-3, 16
MS-0778_1-2, 16
MS-0785_1-2, 16
MS-0798_1-2, 16
MS-0810_2-3, 16
MS-0824_2-2, 16
MS-0941_3-3, 16
MS-0949_2-2, 16
MS-1083_1-3, 16
MS-1106_3-3, 16
MS-1257_1-3, 16
MS-1339_2-2, 16
MS-1364_3-3, 16
MS-1381_1-3, 16
MS-0061_3-3, 15
MS-0133_2-3, 15
MS-0138_1-3, 15
MS-0157_3-3, 15
MS-0176_1-2, 15
MS-0223_2-2, 15
MS_0238_2-2, 15
MS-0239_2-2, 15
MS-0278_3-3, 15
MS-0280_3-3, 15
MS-0414_2-3, 15
MS-0644_1-3, 15
MS-0655_3-3, 15
MS-0746_2-3, 15
MS-0779_1-2, 15
MS-0847_1-2, 15
MS-0986_3-3, 15
MS-1033_2-2, 15
MS-1247_1-3, 15
MS-0078_2-2, 14
MS-0137_1-3, 14
MS-0145_2-2, 14
MS-0152_2-2, 14
MS-0164_1-3, 14
MS-0258_3-3, 14
MS-0280_1-3, 14
MS-0568_2-3, 14
MS-0692_2-2, 14
MS-0696_3-3, 14
MS-0715_3-3, 14
MS-0724_2-2, 14
MS-0738_2-2, 14
MS-0747_3-3, 14
MS-0753_2-2, 14
MS-0778_2-2, 14
MS-0788_3-3, 14
MS-0793_3-3, 14
MS-0795_3-3, 14
MS-1014_3-3, 14
MS-1207_3-3, 14
MS-0075_3-3, 13
MS-0150_3-3, 13
MS-0201_1-3, 13
MS-0473_3-3, 13
MS-0667_3-3, 13
MS-0703_3-3, 13
MS-0777_3-3, 13
MS-0779_2-2, 13
MS-0790_3-3, 13
MS-0801_3-3, 13
MS-1261_2-3, 13
MS-1381_3-3, 13
MS-1403_3-3, 13
MS-0043_3-3, 12
MS-0133_3-3, 12
MS-0134_2-2, 12
MS-0142_2-2, 12
MS-0154_3-3, 12
MS-0172_2-2, 12
MS_0232_3-3, 12
MS-0245_2-3, 12
MS_0256_3-3, 12
MS_0262_3-3, 12
MS-0267_3-3, 12
MS-0298_3-3, 12
MS-0362_2-3, 12
MS-0421_2-3, 12
MS_0426_3-3, 12
MS-0562_3-3, 12
MS-0629_3-3, 12
MS-0827_2-2, 12
MS-0833_3-3, 12
MS-0875_3-3, 12
MS-0902_3-3, 12
MS-1006_3-3, 12
MS-1111_3-4, 12
MS-1198_3-3, 12
MS-1231_3-3, 12
MS-1270_3-3, 12
MS-1292_3-3, 12
MS-1391_3-3, 12
MS-1426_1-1, 12
MS_0141_1-1, 11
MS-0153_3-3, 11
MS-0177_1-2, 11
MS-0181_3-3, 11
MS_0253_4-4, 11
MS-0279_3-3, 11
MS-0299_3-3, 11
MS-0305_3-3, 11
MS-0307_3-3, 11
MS-0374_3-3, 11
MS-0378_3-3, 11
MS_0438_2-3, 11
MS_0441_3-3, 11
MS-0486_3-3, 11
MS-0492_3-3, 11
MS-0503_3-3, 11
MS-0511_3-3, 11
MS-0512_3-3, 11
MS-0513_3-3, 11
MS-0582_3-3, 11
MS-0643_3-3, 11
MS-0645_3-3, 11
MS-0649_3-3, 11
MS-0663_3-3, 11
MS-0672_3-3, 11
MS-0723_3-3, 11
MS-0743_3-3, 11
MS-0748_3-3, 11
MS-0767_3-3, 11
MS-0787_3-3, 11
MS-0796_3-3, 11
MS-0807_2-2, 11
MS-0814_2-3, 11
MS-0895_3-3, 11
MS-0981_2-2, 11
MS-0994_3-3, 11
MS-1199_3-3, 11
MS-1222_3-3, 11
MS-1265_3-3, 11
MS-1266_3-3, 11
MS-1317_3-3, 11
MS-1421_3-3, 11
MS-0081_3-3, 10
MS-0164_3-3, 10
MS-0184_3-3, 10
MS-0188_2-3, 10
MS-0194_3-3, 10
MS-0210_3-3, 10
MS-0215_3-3, 10
MS-0224_2-2, 10
MS_0229_3-3, 10
MS_0233_3-3, 10
MS-0241_2-2, 10
MS_0253_3-4, 10
MS_0254_3-3, 10
MS-0271_3-3, 10
MS-0273_3-3, 10
MS-0277_2-2, 10
MS-0291_3-3, 10
MS-0296_2-3, 10
MS-0296_3-3, 10
MS-0300_3-3, 10
MS-0301_3-3, 10
MS-0306_3-3, 10
MS-0358_3-3, 10
MS-0359_3-3, 10
MS-0361_3-3, 10
MS-0362_3-3, 10
MS-0364_3-3, 10
MS-0365_3-3, 10
MS-0369_3-3, 10
MS-0371_3-3, 10
MS-0377_3-3, 10
MS-0379_3-3, 10
MS-0381_3-3, 10
MS-0382_3-3, 10
MS-0383_3-3, 10
MS-0385_3-3, 10
MS-0386_3-3, 10
MS-0387_3-3, 10
MS-0388_3-3, 10
MS-0390_3-3, 10
MS-0392_3-3, 10
MS-0393_3-3, 10
MS-0394_3-3, 10
MS-0395_3-3, 10
MS-0396_3-3, 10
MS-0406_3-3, 10
MS-0407_3-3, 10
MS-0409_3-3, 10
MS-0418_3-3, 10
MS-0422_3-3, 10
MS-0423_3-3, 10
MS-0424_3-3, 10
MS_0425_3-3, 10
MS_0429_3-3, 10
MS_0432_3-3, 10
MS_0433_3-3, 10
MS_0435_3-3, 10
MS_0436_3-3, 10
MS_0439_2-2, 10
MS_0440_3-3, 10
MS_0442_3-3, 10
MS_0443_3-3, 10
MS_0444_3-3, 10
MS_0445_3-3, 10
MS_0446_3-3, 10
MS_0447_3-3, 10
MS_0448_3-3, 10
MS_0449_3-3, 10
MS-0450_3-3, 10
MS-0451_3-3, 10
MS-0452_3-3, 10
MS-0453_3-3, 10
MS-0455_3-3, 10
MS-0456_3-3, 10
MS-0457_3-3, 10
MS-0458_3-3, 10
MS-0459_3-3, 10
MS-0460_3-3, 10
MS-0461_3-3, 10
MS-0462_3-3, 10
MS-0463_3-3, 10
MS-0464_3-3, 10
MS-0465_3-3, 10
MS-0466_3-3, 10
MS-0467_3-3, 10
MS-0468_3-3, 10
MS-0469_3-3, 10
MS-0470_3-3, 10
MS-0472_3-3, 10
MS-0478_3-3, 10
MS-0479_3-3, 10
MS-0480_3-3, 10
MS-0481_3-3, 10
MS-0482_3-3, 10
MS-0483_3-3, 10
MS-0488_3-3, 10
MS-0490_3-3, 10
MS-0491_3-3, 10
MS-0494_3-3, 10
MS-0497_2-2, 10
MS-0499_3-3, 10
MS-0501_3-3, 10
MS-0502_3-3, 10
MS-0504_3-3, 10
MS-0505_3-3, 10
MS-0506_3-3, 10
MS-0507_3-3, 10
MS-0508_3-3, 10
MS-0510_3-3, 10
MS-0514_3-3, 10
MS-0516_3-3, 10
MS-0517_3-3, 10
MS-0518_3-3, 10
MS-0519_3-3, 10
MS-0520_3-3, 10
MS-0521_3-3, 10
MS-0522_3-3, 10
MS-0523_3-3, 10
MS-0524_3-3, 10
MS-0525_3-3, 10
MS-0526_3-3, 10
MS-0527_3-3, 10
MS-0528_2-2, 10
MS-0530_3-3, 10
MS-0533_3-3, 10
MS-0536_3-3, 10
MS-0538_3-3, 10
MS-0540_3-3, 10
MS-0541_3-3, 10
MS-0543_3-3, 10
MS-0546_3-3, 10
MS-0547_3-3, 10
MS-0551_3-3, 10
MS-0555_3-3, 10
MS-0556_3-3, 10
MS-0557_2-2, 10
MS-0558_3-3, 10
MS-0559_3-3, 10
MS-0561_3-3, 10
MS-0563_3-3, 10
MS-0565_3-3, 10
MS-0566_3-3, 10
MS-0568_3-3, 10
MS-0569_3-3, 10
MS-0572_3-3, 10
MS-0573_2-2, 10
MS-0576_3-3, 10
MS-0578_3-3, 10
MS-0585_3-3, 10
MS-0587_3-3, 10
MS-0588_3-3, 10
MS-0589_3-3, 10
MS-0596_3-3, 10
MS-0600_3-3, 10
MS-0601_3-3, 10
MS-0602_3-3, 10
MS-0604_3-3, 10
MS-0605_3-3, 10
MS-0606_3-3, 10
MS-0609_3-3, 10
MS-0610_3-3, 10
MS-0611_3-3, 10
MS-0613_3-3, 10
MS-0616_3-3, 10
MS-0617_3-3, 10
MS-0621_3-3, 10
MS-0631_3-3, 10
MS-0636_3-3, 10
MS-0639_3-3, 10
MS-0648_3-3, 10
MS-0652_3-3, 10
MS-0653_3-3, 10
MS-0654_3-3, 10
MS-0666_3-3, 10
MS-0670_3-3, 10
MS-0675_3-3, 10
MS-0677_3-3, 10
MS-0678_3-3, 10
MS-0680_3-3, 10
MS-0681_3-3, 10
MS-0695_3-3, 10
MS-0699_3-3, 10
MS-0700_3-3, 10
MS-0701_3-3, 10
MS-0717_3-3, 10
MS-0726_3-3, 10
MS-0741_3-3, 10
MS-0742_3-3, 10
MS-0749_3-3, 10
MS-0758_3-3, 10
MS-0759_3-3, 10
MS-0760_3-3, 10
MS-0765_3-3, 10
MS-0766_3-3, 10
MS-0768_3-3, 10
MS-0770_3-3, 10
MS-0772_3-3, 10
MS-0775_3-3, 10
MS-0800_2-2, 10
MS-0809_3-3, 10
MS-0811_3-3, 10
MS-0812_3-3, 10
MS-0813_3-3, 10
MS-0815_3-3, 10
MS-0816_3-3, 10
MS-0817_3-3, 10
MS-0818_3-3, 10
MS-0820_3-3, 10
MS-0821_3-3, 10
MS-0822_3-3, 10
MS-0825_3-3, 10
MS-0828_3-3, 10
MS-0831_3-3, 10
MS-0832_3-3, 10
MS-0834_3-3, 10
MS-0835_3-3, 10
MS-0836_3-3, 10
MS-0837_3-3, 10
MS-0838_3-3, 10
MS-0839_3-3, 10
MS-0840_3-3, 10
MS-0842_3-3, 10
MS-0843_3-3, 10
MS-0844_3-3, 10
MS-0845_3-3, 10
MS-0846_3-3, 10
MS-0848_3-3, 10
MS-0849_3-3, 10
MS-0850_3-3, 10
MS-0851_3-3, 10
MS-0855_3-3, 10
MS-0856_3-3, 10
MS-0858_2-4, 10
MS-0860-3-3, 10
MS-0861_3-3, 10
MS-0862_3-3, 10
MS-0863_3-3, 10
MS-0864_3-3, 10
MS-0865_3-3, 10
MS-0866_3-3, 10
MS-0867_3-3, 10
MS-0869_3-3, 10
MS-0871_3-3, 10
MS-0874_3-3, 10
MS-0877_3-3, 10
MS-0880_3-3, 10
MS-0883_3-3, 10
MS-0884_3-3, 10
MS-0885_3-3, 10
MS-0888_3-3, 10
MS-0889_3-3, 10
MS-0890_3-3, 10
MS-0891_3-3, 10
MS-0892_3-3, 10
MS-0893_3-3, 10
MS-0894_3-3, 10
MS-0896_3-3, 10
MS-0897_3-3, 10
MS-0898_3-3, 10
MS-0899_3-3, 10
MS-0900_3-3, 10
MS-0901_3-3, 10
MS-0903_3-3, 10
MS-0904_3-3, 10
MS-0907_3-3, 10
MS-0908_3-3, 10
MS-0910_3-3, 10
MS-0911_3-3, 10
MS-0912_3-3, 10
MS-0913_3-3, 10
MS-0914_3-3, 10
MS-0915_3-3, 10
MS-0916_3-3, 10
MS-0917_3-3, 10
MS-0918_3-3, 10
MS-0919_3-3, 10
MS-0920_3-3, 10
MS-0921_3-3, 10
MS-0922_3-3, 10
MS-0924_3-3, 10
MS-0927_3-3, 10
MS-0930_3-3, 10
MS-0932_3-3, 10
MS-0969_3-3, 10
MS-0970_3-3, 10
MS-0971_3-3, 10
MS-0972_3-3, 10
MS-0974_3-3, 10
MS-0975_3-3, 10
MS-0976_3-3, 10
MS-0978_3-3, 10
MS-0979_3-3, 10
MS-0982_3-3, 10
MS-0987_3-3, 10
MS-0988_3-3, 10
MS-0990_3-3, 10
MS-0991_3-3, 10
MS-0996_3-3, 10
MS-0997_3-3, 10
MS-0998_3-3, 10
MS-1000_3-3, 10
MS-1001_3-3, 10
MS-1003_3-3, 10
MS-1008_3-3, 10
MS-1009_3-3, 10
MS-1011_3-3, 10
MS-1013_3-3, 10
MS-1015_3-3, 10
MS-1020_3-3, 10
MS-1021_3-3, 10
MS-1022_3-3, 10
MS-1023_3-3, 10
MS-1025_3-3, 10
MS-1026_3-3, 10
MS-1027_3-3, 10
MS-1028_3-3, 10
MS-1029_3-3, 10
MS-1030_3-3, 10
MS-1032_3-3, 10
MS-1034_3-3, 10
MS-1035_3-3, 10
MS-1036_3-3, 10
MS-1037_3-3, 10
MS-1038_3-3, 10
MS-1039_3-3, 10
MS-1040_3-3, 10
MS-1041_3-3, 10
MS-1042_3-3, 10
MS-1043_3-3, 10
MS-1045_3-3, 10
MS-1046_3-3, 10
MS-1047_3-3, 10
MS-1048_3-3, 10
MS-1049_3-3, 10
MS-1050_3-3, 10
MS-1051_3-3, 10
MS-1052_3-3, 10
MS-1054_3-3, 10
MS-1055_3-3, 10
MS-1056_3-3, 10
MS-1057_3-3, 10
MS-1058_3-3, 10
MS-1062_3-3, 10
MS-1064_3-3, 10
MS-1066_3-3, 10
MS-1067_3-3, 10
MS-1069_3-3, 10
MS-1073_3-3, 10
MS-1084_3-3, 10
MS-1086_3-3, 10
MS-1088_3-3, 10
MS-1095_3-3, 10
MS-1097_3-3, 10
MS-1101_3-3, 10
MS-1108_3-3, 10
MS-1109_3-3, 10
MS-1112_3-3, 10
MS-1113_3-3, 10
MS-1116_4-4, 10
MS-1117_4-4, 10
MS-1119_4-4, 10
MS-1120_4-4, 10
MS-1121_4-4, 10
MS-1222_4-4, 10
MS-1123_4-5, 10
MS-1124_3-3, 10
MS-1125_4-4, 10
MS-1126_4-4, 10
MS-1127_4-4, 10
MS-1128_4-4, 10
MS-1129_4-4, 10
MS-1130_4-4, 10
MS-1131_4-4, 10
MS-1132_4-4, 10
MS-1133_4-4, 10
MS-1134_4-4, 10
MS-1136_4-4, 10
MS-1138_4-4, 10
MS-1139_4-4, 10
MS-1140_4-4, 10
MS-1141_4-4, 10
MS-1142_4-4, 10
MS-1143_4-4, 10
MS-1148_4-4, 10
MS-1149_3-3, 10
MS-1153_3-3, 10
MS-1158_3-3, 10
MS-1169_3-3, 10
MS-1170_2-3, 10
MS-1171_3-3, 10
MS-1172_3-3, 10
MS-1175_3-3, 10
MS-1176_3-3, 10
MS-1177_3-3, 10
MS-1178_3-3, 10
MS-1179_3-3, 10
MS-1181_3-3, 10
MS-1182_3-3, 10
MS-1183_3-3, 10
MS-1184_3-3, 10
MS-1185_3-3, 10
MS-1187_3-3, 10
MS-1189_3-3, 10
MS-1190_3-3, 10
MS-1192_3-3, 10
MS-1194_3-3, 10
MS-1196_3-3, 10
MS-1197_3-3, 10
MS-1200_3-3, 10
MS-1201_3-3, 10
MS-1208_3-3, 10
MS-1212_3-3, 10
MS-1224_3-3, 10
MS-1236_3-3, 10
MS-1237_3-3, 10
MS-1258_3-3, 10
MS-1263_3-3, 10
MS-1264_3-3, 10
MS-1268_3-3, 10
MS-1273_3-3, 10
MS-1274_3-3, 10
MS-1276_3-3, 10
MS-1281_3-3, 10
MS-1291_1-4, 10
MS-1291_3-4, 10
MS-1293_3-3, 10
MS-1294_3-3, 10
MS-1299_3-3, 10
MS-1304_3-3, 10
MS-1307_3-3, 10
MS-1322_3-3, 10
MS-1328_3-3, 10
MS-1336_3-3, 10
MS-1340_3-3, 10
MS-1341_3-3, 10
MS-1347_3-3, 10
MS-1348_3-3, 10
MS-1356_3-3, 10
MS-1357_3-3, 10
MS-1359_3-3, 10
MS-1360_3-3, 10
MS-1361_3-3, 10
MS-1365_3-3, 10
MS-1371_3-3, 10
MS-1372_3-3, 10
MS-1373_3-3, 10
MS-1380_3-3, 10
MS-1385_3-3, 10
MS-1390_3-3, 10
MS-1392_3-3, 10
MS-1393_3-3, 10
MS-1394_3-3, 10
MS-1395_3-3, 10
MS-1396_3-3, 10
MS-1397_3-3, 10
MS-1398_3-3, 10
MS-1400_3-3, 10
MS-1401_3-3, 10
MS-1402_3-3, 10
MS-1407_3-3, 10
MS-1408_3-3, 10
MS-1410_3-3, 10
MS-1412_3-3, 10
MS-1415_3-3, 10
MS-1417_3-3, 10
MS-1422_3-3, 10
MS-1424_3-3, 10
MS-0135_3-3, 9
MS_0139_3-3, 9
MS-0147_3-3, 9
MS-0151_3-3, 9
MS-0155_2-2, 9
MS-0161_3-3, 9
MS-0166_3-3, 9
MS-0189_3-3, 9
MS-0206_3-3, 9
MS-0209_3-3, 9
MS-0222_3-3, 9
MS_0230_3-3, 9
MS-0242_3-3, 9
MS-0245_3-3, 9
MS-0247_3-3, 9
MS-0248_3-3, 9
MS-0249_3-3, 9
MS-0250_3-3, 9
MS_0257_3-3, 9
MS-0261_3-3, 9
MS_0263_3-3, 9
MS-0268_3-3, 9
MS-0270_3-3, 9
MS-0272_3-3, 9
MS-0276_3-3, 9
MS-0290_3-3, 9
MS-0292_3-3, 9
MS-0297_3-3, 9
MS-0302_3-3, 9
MS-0304_3-3, 9
MS-0308_3-3, 9
MS-0360_3-3, 9
MS-0363_3-3, 9
MS-0368_3-3, 9
MS-0370_3-3, 9
MS-0373_3-3, 9
MS-0376_3-3, 9
MS-0380_3-3, 9
MS-0389_3-3, 9
MS-0408_3-3, 9
MS-0411_3-3, 9
MS-0412_3-3, 9
MS-0454_3-3, 9
MS-0471_3-3, 9
MS-0474_3-3, 9
MS-0477_3-3, 9
MS-0484_3-3, 9
MS-0485_3-3, 9
MS-0489_3-3, 9
MS-0498_3-3, 9
MS-0500_3-3, 9
MS-0509_3-3, 9
MS-0539_3-3, 9
MS-0549_3-3, 9
MS-0552_3-3, 9
MS-0574_3-3, 9
MS-0581_3-3, 9
MS-0586_3-3, 9
MS-0590_3-3, 9
MS-0592_3-3, 9
MS-0595_3-3, 9
MS-0598_3-3, 9
MS-0599_3-3, 9
MS-0608_3-3, 9
MS-0612_3-3, 9
MS-0614_3-3, 9
MS-0615_3-3, 9
MS-0618_3-3, 9
MS-0619_3-3, 9
MS-0620_3-3, 9
MS-0622_3-3, 9
MS-0623_3-3, 9
MS-0627_3-3, 9
MS-0628_3-3, 9
MS-0630_3-3, 9
MS-0632_3-3, 9
MS-0633_3-3, 9
MS-0635_3-3, 9
MS-0640_3-3, 9
MS-0641_3-3, 9
MS-0647_3-3, 9
MS-0651_3-3, 9
MS-0656_2-3, 9
MS-0660_3-3, 9
MS-0662_3-3, 9
MS-0668_3-3, 9
MS-0669_3-3, 9
MS-0671_3-3, 9
MS-0673_3-3, 9
MS-0679_3-3, 9
MS-0683_3-3, 9
MS-0698_3-3, 9
MS-0711_3-3, 9
MS-0718_3-3, 9
MS-0721_3-3, 9
MS-0734_3-3, 9
MS-0735_3-3, 9
MS-0739_3-3, 9
MS-0740_3-3, 9
MS-0744_3-3, 9
MS-0745_3-3, 9
MS-0754_3-3, 9
MS-0756_3-3, 9
MS-0771_3-3, 9
MS-0810_3-3, 9
MS-0872_3-3, 9
MS-0873_3-3, 9
MS-0876_3-3, 9
MS-0925_3-3, 9
MS-0939_3-3, 9
MS-0947_3-3, 9
MS-0958_3-3, 9
MS-0973_3-3, 9
MS-1031_3-3, 9
MS-1053_3-3, 9
MS-1077_3-3, 9
MS-1144_3-3, 9
MS-1151_3-3, 9
MS-1267_3-3, 9
MS-1269_3-3, 9
MS-1271_3-3, 9
MS-1277_3-3, 9
MS-1278_3-3, 9
MS-1282_3-3, 9
MS-1283_3-3, 9
MS-1284_3-3, 9
MS-1286_3-3, 9
MS-1287_3-3, 9
MS-1289_3-3, 9
MS-1296_3-3, 9
MS-1300_3-3, 9
MS-1301_3-3, 9
MS-1302_3-3, 9
MS-1303_3-3, 9
MS-1308_3-3, 9
MS-1309_3-3, 9
MS-1310_3-3, 9
MS-1311_3-3, 9
MS-1313_3-3, 9
MS-1314_3-3, 9
MS-1318_3-3, 9
MS-1319_3-3, 9
MS-1320_3-3, 9
MS-1321_3-3, 9
MS-1323_3-3, 9
MS-1324_3-3, 9
MS-1326_3-3, 9
MS-1327_3-3, 9
MS-1406_3-3, 9
MS-1411_3-3, 9
MS-1419_3-3, 9
MS-1423_303, 9
MS-1427_3-3, 9
MS_0140_3-3, 8
MS-0158_3-3, 8
MS-0162_2-2, 8
MS-0176_2-2, 8
MS-0182_3-3, 8
MS-0183_2-3, 8
MS-0185_3-3, 8
MS_0190_3-3, 8
MS-0191_3-3, 8
MS-0194_1-3, 8
MS-0195_3-3, 8
MS-0197_3-3, 8
MS-0198_3-3, 8
MS-0199_3-3, 8
MS-0200_3-3, 8
MS-0202_3-3, 8
MS-0203_3-3, 8
MS-0205_3-3, 8
MS-0207_3-3, 8
MS-0208_3-3, 8
MS-0211_3-3, 8
MS-0212_3-3, 8
MS-0214_3-3, 8
MS-0216_3-3, 8
MS-0217_3-3, 8
MS-0218_3-3, 8
MS-0219_3-3, 8
MS-0220_3-3, 8
MS-0221_3-3, 8
MS-0243_3-3, 8
MS-0244_3-3, 8
MS_0251_3-3, 8
MS-0259_3-3, 8
MS-0265_2-2, 8
MS-0266_3-3, 8
MS-0269_3-3, 8
MS-0293_3-3, 8
MS-0357_3-3, 8
MS-0372_3-3, 8
MS-0384_3-3, 8
MS-0475_3-3, 8
MS-0487_3-3, 8
MS-0493_3-3, 8
MS-0495-3-3, 8
MS-0535_3-3, 8
MS-0575_3-3, 8
MS-0625_3-3, 8
MS-0626_3-3, 8
MS-0637_3-3, 8
MS-0642_3-3, 8
MS-0650_3-3, 8
MS-0690_3-3, 8
MS-0694_1-1, 8
MS-0702_3-3, 8
MS-0705_2-3, 8
MS-0709_3-3, 8
MS-0714_2-2, 8
MS-0730_2-2, 8
MS-0732_3-3, 8
MS-0736_2-3, 8
MS-0737_3-3, 8
MS-0750_3-3, 8
MS-0751_3-3, 8
MS-0762_3-3, 8
MS-0776_3-3, 8
MS-0808_3-3, 8
MS-0819_3-3, 8
MS-0841_3-3, 8
MS-0859_3-3, 8
MS-0878_3-3, 8
MS-0879_3-3, 8
MS-0881_3-3, 8
MS-0882_3-3, 8
MS-0886_3-3, 8
MS-0887_3-3, 8
MS-0905_3-3, 8
MS-0909_3-3, 8
MS-0931_3-3, 8
MS-0933_3-3, 8
MS-0934_3-3, 8
MS-0935_3-3, 8
MS-0936_3-3, 8
MS-0937_3-3, 8
MS-0938_3-3, 8
MS-0940_3-3, 8
MS-0943_3-3, 8
MS-0944_3-3, 8
MS-0946_3-3, 8
MS-0948_2-2, 8
MS-0954_3-3, 8
MS-0955_3-3, 8
MS-0957_3-3, 8
MS-0959_3-3, 8
MS-0961_3-3, 8
MS-0962_3-3, 8
MS-0963_3-3, 8
MS-0964_3-3, 8
MS-0965_3-3, 8
MS-0967_3-3, 8
MS-0968_3-3, 8
MS-0980_3-3, 8
MS-0983_3-3, 8
MS-0989_3-3, 8
MS-0992_3-3, 8
MS-0995_3-3, 8
MS-0999_3-3, 8
MS-1002_3-3, 8
MS-1004_3-3, 8
MS-1005_3-3, 8
MS-1007_3-3, 8
MS-1016_3-3, 8
MS-1018_3-3, 8
MS-1044_3-3, 8
MS-1059_3-3, 8
MS-1060_3-3, 8
MS-1065_3-3, 8
MS-1068_3-3, 8
MS-1070_3-3, 8
MS-1071_3-3, 8
MS-1074_3-3, 8
MS-1075_3-3, 8
MS-1082_3-3, 8
MS-1085_3-3, 8
MS-1087_3-3, 8
MS-1089_3-3, 8
MS-1090_3-3, 8
MS-1092_3-3, 8
MS-1096_3-3, 8
MS-1098_3-3, 8
MS-1099_3-3, 8
MS-1100_3-3, 8
MS-1102_3-3, 8
MS-1103_3-3, 8
MS-1105_3-3, 8
MS-1114_4-4, 8
MS-1118_4-4, 8
MS-1145_3-3, 8
MS-1146_3-3, 8
MS-1150_3-3, 8
MS-1152_3-3, 8
MS-1154_3-3, 8
MS-1155_3-3, 8
MS-1157_3-3, 8
MS-1159_3-3, 8
MS-1160_3-3, 8
MS-1161_3-3, 8
MS-1162_3-3, 8
MS-1164_3-3, 8
MS-1165_3-3, 8
MS-1166_3-3, 8
MS-1167_3-3, 8
MS-1168_3-3, 8
MS-1173_3-3, 8
MS-1174_3-3, 8
MS-1180_3-3, 8
MS-1186_3-3, 8
MS-1188_3-3, 8
MS-1191_3-3, 8
MS-1193_3-3, 8
MS-1205_3-3, 8
MS-1206_3-3, 8
MS-1209_3-3, 8
MS-1210_3-3, 8
MS-1211_3-3, 8
MS-1213_3-3, 8
MS-1214_3-3, 8
MS-1215_3-3, 8
MS-1216_3-3, 8
MS-1217_3-3, 8
MS-1218_3-3, 8
MS-1219_3-3, 8
MS-1220_3-3, 8
MS-1221_3-3, 8
MS-1225_3-3, 8
MS-1226_3-3, 8
MS-1227_3-3, 8
MS-1228_3-3, 8
MS-1229_3-3, 8
MS-1232_3-3, 8
MS-1233_3-3, 8
MS-1234_3-3, 8
MS-1235_3-3, 8
MS-1238_3-3, 8
MS-1239_3-3, 8
MS-1240_3-3, 8
MS-1241_3-3, 8
MS-1242_3-3, 8
MS-1243_3-3, 8
MS-1244_3-3, 8
MS-1245_3-3, 8
MS-1246_3-3, 8
MS-1247_3-3, 8
MS-1248_3-3, 8
MS-1249_3-3, 8
MS-1250_3-3, 8
MS-1251_3-3, 8
MS-1252_3-3, 8
MS-1253_3-3, 8
MS-1254_3-3, 8
MS-1256_3-3, 8
MS-1257_3-3, 8
MS-1260_3-3, 8
MS-1262_3-3, 8
MS-1275_3-3, 8
MS-1279_3-3, 8
MS-1285_3-3, 8
MS-1290_2-3, 8
MS-1291_4-4, 8
MS-1297_3-3, 8
MS-1298_3-3, 8
MS-1305_3-3, 8
MS-1306_3-3, 8
MS-1312_4-4, 8
MS-1316_3-3, 8
MS-1325_3-3, 8
MS-1329_3-3, 8
MS-1330_3-3, 8
MS-1331_3-3, 8
MS-1337_3-3, 8
MS-1338_3-3, 8
MS-1342_3-3, 8
MS-1343_3-3, 8
MS-1344_3-3, 8
MS-1345_3-3, 8
MS-1346_3-3, 8
MS-1349_3-3, 8
MS-1350_3-3, 8
MS-1352_3-3, 8
MS-1353_3-3, 8
MS-1355_3-3, 8
MS-1358_3-3, 8
MS-1362_3-3, 8
MS-1367_3-3, 8
MS-1368_3-3, 8
MS-1369_3-3, 8
MS-1374_3-3, 8
MS-1375_3-3, 8
MS-1376_3-3, 8
MS-1377_3-3, 8
MS-1378_3-3, 8
MS-1379_3-3, 8
MS-1382_3-3, 8
MS-1383_3-3, 8
MS-1386_3-3, 8
MS-1387_3-3, 8
MS-1389_3-3, 8
MS-1399_3-3, 8
MS-1404_3-3, 8
MS-1405_3-3, 8
MS-1409_303, 8
MS-1416_3-3, 8
MS-1418_3-3, 8
MS-1420_3-3, 8
MS-1425_3-3, 8
MS-0047_3-3, 7
MS-0053_3-3, 7
MS-0056_3-3, 7
MS-0058_3-3, 7
MS-0059_3-3, 7
MS-0063_3-3, 7
MS-0065_3-3, 7
MS-0076_3-3, 7
MS-0079_3-3, 7
MS-0083_2-2, 7
MS-0084_3-3, 7
MS-0136_2-2, 7
MS-0146_3-3, 7
MS-0149_3-3, 7
MS-0156_3-3, 7
MS-0159_3-3, 7
MS-0160_3-3, 7
MS-0163_3-3, 7
MS-0165_3-3, 7
MS-0168_3-3, 7
MS-0169_3-3, 7
MS-0170_3-3, 7
MS-0173_3-3, 7
MS-0174_3-3, 7
MS-0213_3-3, 7
MS_0228_3-3, 7
MS_0231_3-3, 7
MS_0255-3-3, 7
MS-0303_3-3, 7
MS-0375_3-3, 7
MS-0379_1-3, 7
MS-0391_3-3, 7
MS-0420_3-3, 7
MS-0459_1-3, 7
MS-0544_3-3, 7
MS-0577_3-3, 7
MS-0580_3-3, 7
MS-0583_3-3, 7
MS-0593_3-3, 7
MS-0624_3-3, 7
MS-0657_3-3, 7
MS-0659_3-3, 7
MS-0661_3-3, 7
MS-0676_3-3, 7
MS-0697_3-3, 7
MS-0706_3-3, 7
MS-0728_2-3, 7
MS-0789_3-3, 7
MS-0950_3-3, 7
MS-0977_3-3, 7
MS-1017_3-3, 7
MS-1019_3-3, 7
MS-1091_3-3, 7
MS-1163_3-3, 7
MS-1195_3-3, 7
MS-1272_3-3, 7
MS-1315_3-3, 7
MS-1363_3-3, 7
MS-1388_3-3, 7
MS-0048_3-3, 6
MS-0068_2-2, 6
MS-0077_3-3, 6
MS-0171_3-3, 6
MS-0187_3-3, 6
MS-0196_3-3, 6
MS-0260_3-3, 6
MS-0397_3-3, 6
MS-0400_3-3, 6
MS-4001_3-3, 6
MS-0403_3-3, 6
MS-0404_3-3, 6
MS-0405_3-3, 6
MS-0410_3-3, 6
MS-0413_3-3, 6
MS-0416_3-3, 6
MS-0417_3-3, 6
MS-0419_3-3, 6
MS_0427_3-3, 6
MS_0428_3-3, 6
MS_0431_3-3, 6
MS_0434_3-3, 6
MS_0437_3-3, 6
MS-0476_3-3, 6
MS-0564_3-3, 6
MS-0644_3-3, 6
MS-0646_3-3, 6
MS-0870_3-3, 6
MS-0926_3-3, 6
MS-0942_3-3, 6
MS-0945_3-3, 6
MS-0993_1-3, 6
MS-1010_3-3, 6
MS-1147_3-3, 6
MS-1230_3-3, 6
MS-1351_3-3, 6
MS-1366_3-4, 6
MS-1384_3-3, 6
MS-1413_3-3, 6
MS-0044_3-3, 5
MS-0045_3-3, 5
MS-0046_3-3, 5
MS-0049_3-3, 5
MS-0051_3-3, 5
MS-0052_3-3, 5
MS-0055_3-3, 5
MS00057_3-3, 5
MS-0060_3-3, 5
MS-0064_3-3, 5
MS-0066_3-3, 5
MS-0067_3-3, 5
MS-0069_3-3, 5
MS-0072_3-3, 5
MS-0073_3-3, 5
MS-0074_3-3, 5
MS-0080_3-3, 5
MS-0148_3-3, 5
MS-0192_4-4, 5
MS_0235_2-2, 5
MS-0264_3-3, 5
MS-0366_3-3, 5
MS-4002_3-3, 5
MS-0415_3-3, 5
MS-0515_3-3, 5
MS-0545_3-3, 5
MS-0554_4-4, 5
MS-0634_3-3, 5
MS-0638_4-4, 5
MS-0720_3-3, 5
MS-0757_3-4, 5
MS-0960_3-3, 5
MS-1061_3-3, 5
MS-1255_3-3, 5
MS-1259_3-3, 5
MS-1354_3-3, 5
MS-0204_3-3, 4
MS-0227_3-3, 4
MS_0237_4-4, 4
MS-0246_3-3, 4
MS_0252-3-3, 4
MS-0275_2-2, 4
MS-0414_3-3, 4
MS_0430_3-3, 4
MS-0531_3-3, 4
MS-0532_3-3, 4
MS-0537_3-3, 4
MS-0542_3-3, 4
MS-0548_3-3, 4
MS-0553_3-3, 4
MS-0579_2-2, 4
MS-0584_3-3, 4
MS-0591_3-3, 4
MS-0674_3-3, 4
MS-0719_3-3, 4
MS-0805_3-3, 4
MS-0852_3-3, 4
MS-0906_3-3, 4
MS-0928_3-3, 4
MS-0966_3-3, 4
MS-0985_3-3, 4
MS-1024_3-3, 4
MS-1093_3-3, 4
MS-1094_3-3, 4
MS-1111_4-4, 4
MS-1223_3-3, 4
MS-1280_3-3, 4
MS-0054_3-3, 3
MS-0167_3-3, 3
MS-0713_3-3, 3
MS-0757_4-4, 3
MS-0774_3-3, 3
MS-0858_4-4, 3
MS-0956_3-3, 3
MS-0984_3-3, 3
MS-1072_4-4, 3
MS-0175_2-2, 2
MS-0550_3-3, 2
MS-0607_3-3, 2
MS-0638_2-4, 2
MS-0658_3-3, 2
MS-0923_3-3, 2
MS-1261_3-3, 2
MS-1291_2-4, 2
MS-1332_2-2, 2
MS-1366_4-4, 2
MS-0071_3-3, 1
MS-0193_2-2, 1
MS-0554_3-4, 1
MS-0594_0-0, 1
MS-0597_1-1, 1
MS-0603_1-3, 1
MS-0603_2-3, 1
MS-0603_3-3, 1
MISSING 0687 thru 0689, 1
MS-0728_3-3, 1
MS-0985_2-3 AT TOP OF SHEET, 1
MS-1148_2-4, 1
MS-1312_2-4 SAME AS PREVIOUS BOX, 1
NO LABEL BLANK TAPE, 1
