start_time, N
NA, 24604
1899-12-31 07:00:00, 9961
1899-12-31 15:00:00, 6698
1899-12-31 23:00:00, 1813
1899-12-31 09:00:00, 1565
1899-12-31 06:00:00, 1546
1899-12-31 14:00:00, 1327
1899-12-31 17:00:00, 1283
1899-12-31 18:00:00, 991
1899-12-31 10:00:00, 929
1899-12-31 16:00:00, 720
1899-12-31 20:00:00, 690
1899-12-31 22:00:00, 638
1899-12-31 08:00:00, 541
1899-12-31 19:00:00, 527
1899-12-31 11:00:00, 459
1899-12-31 07:05:00, 386
1899-12-31 13:00:00, 386
1899-12-31 10:30:00, 385
1899-12-31 21:00:00, 383
1899-12-31 15:15:00, 372
1899-12-31 12:00:00, 338
1899-12-31 11:30:00, 338
1899-12-31 15:10:00, 334
1899-12-31 09:30:00, 334
1899-12-31 17:30:00, 329
1899-12-31 15:30:00, 300
1899-12-31 15:05:00, 297
1899-12-31 16:30:00, 290
1899-12-31 07:10:00, 282
1899-12-31 06:30:00, 272
1899-12-31 14:30:00, 259
1899-12-31 01:00:00, 257
1899-12-31 23:30:00, 240
1899-12-31 08:30:00, 238
1899-12-31 18:30:00, 215
1899-12-31 15:20:00, 207
1899-12-31 19:30:00, 206
1899-12-31 07:04:00, 203
1899-12-31 07:30:00, 198
1899-12-31 06:10:00, 186
1899-12-31 12:30:00, 181
1899-12-31 23:15:00, 180
1899-12-31 23:05:00, 171
1899-12-31 06:05:00, 168
1899-12-31, 167
1899-12-31 00:05:00, 167
1899-12-31 23:10:00, 152
1899-12-31 07:03:00, 150
1899-12-31 13:30:00, 147
1899-12-31 07:15:00, 143
1899-12-31 05:00:00, 141
1899-12-31 14:15:00, 140
1899-12-31 15:12:00, 128
1899-12-31 06:15:00, 128
1899-12-31 15:08:00, 126
1899-12-31 14:10:00, 122
1899-12-31 02:00:00, 121
1899-12-31 10:15:00, 118
1899-12-31 20:30:00, 118
1899-12-31 07:08:00, 115
1899-12-31 15:07:00, 115
1899-12-31 09:15:00, 115
1899-12-31 15:03:00, 113
1899-12-31 23:20:00, 111
1899-12-31 22:30:00, 111
1899-12-31 15:04:00, 107
1899-12-31 07:02:00, 105
1899-12-31 15:25:00, 98
1899-12-31 00:30:00, 93
1899-12-31 04:00:00, 93
1899-12-31 03:00:00, 93
1899-12-31 15:14:00, 92
1899-12-31 08:45:00, 91
1899-12-31 07:07:00, 87
1899-12-31 16:15:00, 87
1899-12-31 15:18:00, 85
1899-12-31 12:05:00, 85
1899-12-31 15:11:00, 84
1899-12-31 15:02:00, 82
1899-12-31 06:08:00, 80
1899-12-31 15:13:00, 80
1899-12-31 21:30:00, 80
1899-12-31 15:09:00, 80
1899-12-31 05:30:00, 79
1899-12-31 14:12:00, 77
1899-12-31 14:05:00, 75
1899-12-31 18:15:00, 75
1899-12-31 17:15:00, 75
1899-12-31 15:06:00, 71
1899-12-31 15:45:00, 71
1899-12-31 07:20:00, 71
1899-12-31 10:10:00, 71
1899-12-31 07:01:00, 70
1899-12-31 01:30:00, 69
1899-12-31 14:45:00, 67
1899-12-31 11:15:00, 67
1899-12-31 16:45:00, 67
1899-12-31 10:45:00, 67
1899-12-31 06:55:00, 67
1899-12-31 23:45:00, 64
1899-12-31 06:20:00, 63
1899-12-31 14:20:00, 63
1899-12-31 14:13:00, 61
1899-12-31 06:04:00, 61
1899-12-31 17:45:00, 61
1899-12-31 14:08:00, 61
1899-12-31 07:09:00, 60
1899-12-31 07:06:00, 60
1899-12-31 23:04:00, 60
1899-12-31 23:08:00, 60
1899-12-31 12:15:00, 60
1899-12-31 07:12:00, 59
1899-12-31 14:14:00, 58
1899-12-31 13:15:00, 58
1899-12-31 23:12:00, 57
1899-12-31 09:10:00, 57
1899-12-31 06:09:00, 54
1899-12-31 23:40:00, 54
1899-12-31 02:30:00, 53
1899-12-31 07:45:00, 52
1899-12-31 04:30:00, 51
1899-12-31 06:07:00, 51
1899-12-31 22:15:00, 51
1899-12-31 00:10:00, 51
1899-12-31 14:09:00, 50
1899-12-31 08:15:00, 50
1899-12-31 23:25:00, 50
1899-12-31 00:15:00, 49
1899-12-31 15:17:00, 49
1899-12-31 09:45:00, 49
1899-12-31 06:57:00, 49
1899-12-31 06:12:00, 49
1899-12-31 23:07:00, 48
1899-12-31 06:45:00, 48
1899-12-31 15:19:00, 48
1899-12-31 15:22:00, 47
1899-12-31 15:40:00, 45
1899-12-31 13:45:00, 45
1899-12-31 11:45:00, 45
1899-12-31 10:20:00, 45
1899-12-31 19:15:00, 43
1899-12-31 14:07:00, 43
1899-12-31 23:09:00, 43
1899-12-31 06:11:00, 43
1899-12-31 06:58:00, 43
1899-12-31 15:35:00, 42
1899-12-31 16:10:00, 42
1899-12-31 12:10:00, 42
1899-12-31 14:11:00, 41
1899-12-31 23:18:00, 41
1899-12-31 14:25:00, 41
1899-12-31 20:10:00, 40
1899-12-31 23:35:00, 39
1899-12-31 12:45:00, 38
1899-12-31 14:18:00, 38
1899-12-31 06:13:00, 37
1899-12-31 23:03:00, 37
1899-12-31 18:45:00, 37
1899-12-31 15:16:00, 36
1899-12-31 14:04:00, 36
1899-12-31 21:15:00, 36
1899-12-31 23:50:00, 36
1899-12-31 11:40:00, 35
1899-12-31 14:55:00, 34
1899-12-31 22:10:00, 34
1899-12-31 03:30:00, 34
1899-12-31 09:20:00, 34
1899-12-31 11:20:00, 34
1899-12-31 23:06:00, 33
1899-12-31 16:20:00, 33
1899-12-31 05:58:00, 32
1899-12-31 06:03:00, 32
1899-12-31 22:55:00, 32
1899-12-31 06:06:00, 32
1899-12-31 08:10:00, 32
1899-12-31 00:20:00, 32
1899-12-31 12:20:00, 32
1899-12-31 10:05:00, 32
1899-12-31 17:10:00, 32
1899-12-31 15:23:00, 32
1899-12-31 20:15:00, 32
1899-12-31 19:45:00, 31
1899-12-31 18:10:00, 31
1899-12-31 14:19:00, 31
1899-12-31 06:25:00, 31
1899-12-31 07:40:00, 31
1899-12-31 17:20:00, 31
1899-12-31 05:50:00, 31
1899-12-31 06:40:00, 31
1899-12-31 22:05:00, 31
1899-12-31 20:45:00, 31
1899-12-31 15:21:00, 31
1899-12-31 19:10:00, 30
1899-12-31 05:45:00, 30
1899-12-31 16:05:00, 30
1899-12-31 08:05:00, 29
1899-12-31 14:06:00, 29
1899-12-31 14:17:00, 29
1899-12-31 08:20:00, 29
1899-12-31 23:14:00, 28
1899-12-31 11:10:00, 28
1899-12-31 14:03:00, 27
1899-12-31 14:50:00, 27
1899-12-31 22:45:00, 27
1899-12-31 09:05:00, 27
1899-12-31 14:40:00, 27
1899-12-31 16:40:00, 27
1899-12-31 17:05:00, 27
1899-12-31 03:15:00, 26
1899-12-31 23:11:00, 26
1899-12-31 09:50:00, 26
1899-12-31 10:40:00, 26
1899-12-31 18:20:00, 26
1899-12-31 13:20:00, 26
1899-12-31 15:24:00, 26
1899-12-31 06:02:00, 25
1899-12-31 07:50:00, 25
1899-12-31 23:19:00, 25
1899-12-31 07:25:00, 25
1899-12-31 05:15:00, 25
1899-12-31 18:40:00, 25
1899-12-31 15:01:00, 25
1899-12-31 09:40:00, 24
1899-12-31 10:25:00, 24
1899-12-31 08:40:00, 24
1899-12-31 15:50:00, 24
1899-12-31 06:14:00, 24
1899-12-31 06:19:00, 24
1899-12-31 19:40:00, 24
1899-12-31 07:11:00, 23
1899-12-31 16:50:00, 23
1899-12-31 10:50:00, 23
1899-12-31 04:15:00, 23
1899-12-31 08:50:00, 23
1899-12-31 07:35:00, 23
1899-12-31 22:25:00, 23
1899-12-31 06:59:00, 23
1899-12-31 07:14:00, 23
1899-12-31 11:50:00, 23
1899-12-31 14:22:00, 23
1899-12-31 06:50:00, 22
1899-12-31 22:20:00, 22
1899-12-31 13:10:00, 22
1899-12-31 19:05:00, 22
1899-12-31 20:05:00, 22
1899-12-31 23:55:00, 22
1899-12-31 14:16:00, 21
1899-12-31 01:15:00, 21
1899-12-31 00:50:00, 21
1899-12-31 17:50:00, 21
1899-12-31 23:23:00, 21
1899-12-31 14:02:00, 21
1899-12-31 23:22:00, 20
1899-12-31 21:10:00, 20
1899-12-31 02:15:00, 20
1899-12-31 23:13:00, 20
1899-12-31 12:25:00, 20
1899-12-31 07:13:00, 19
1899-12-31 14:21:00, 19
1899-12-31 20:20:00, 19
1899-12-31 17:40:00, 19
1899-12-31 13:50:00, 19
1899-12-31 06:17:00, 18
1899-12-31 01:10:00, 18
1899-12-31 21:45:00, 18
1899-12-31 10:35:00, 18
1899-12-31 06:56:00, 18
1899-12-31 19:20:00, 18
1899-12-31 18:05:00, 17
1899-12-31 16:25:00, 17
1899-12-31 00:45:00, 17
1899-12-31 23:21:00, 17
1899-12-31 11:55:00, 17
1899-12-31 15:26:00, 17
1899-12-31 03:45:00, 17
1899-12-31 05:55:00, 17
1899-12-31 11:35:00, 17
1899-12-31 15:28:00, 17
1899-12-31 15:34:00, 17
1899-12-31 14:57:00, 17
1899-12-31 11:05:00, 17
1899-12-31 04:45:00, 16
1899-12-31 04:20:00, 16
1899-12-31 20:50:00, 16
1899-12-31 06:01:00, 16
1899-12-31 14:24:00, 16
1899-12-31 22:40:00, 16
1899-12-31 23:02:00, 16
1899-12-31 15:55:00, 16
1899-12-31 06:35:00, 15
1899-12-31 05:59:00, 15
1899-12-31 18:50:00, 15
1899-12-31 18:35:00, 15
1899-12-31 19:50:00, 15
1899-12-31 00:35:00, 15
1899-12-31 01:20:00, 15
1899-12-31 10:55:00, 15
1899-12-31 02:20:00, 15
1899-12-31 14:01:00, 15
1899-12-31 12:35:00, 14
1899-12-31 14:23:00, 14
1899-12-31 18:55:00, 14
1899-12-31 05:10:00, 14
1899-12-31 02:10:00, 14
1899-12-31 14:35:00, 14
1899-12-31 21:05:00, 14
1899-12-31 20:40:00, 14
1899-12-31 19:35:00, 14
1899-12-31 06:18:00, 14
1899-12-31 09:25:00, 13
1899-12-31 05:20:00, 13
1899-12-31 18:25:00, 13
1899-12-31 03:05:00, 13
1899-12-31 11:25:00, 13
1899-12-31 01:05:00, 13
1899-12-31 23:24:00, 13
1899-12-31 22:04:00, 13
1899-12-31 19:25:00, 13
1899-12-31 22:35:00, 13
1899-12-31 12:40:00, 13
1899-12-31 23:16:00, 12
1899-12-31 13:25:00, 12
1899-12-31 16:35:00, 12
1899-12-31 00:40:00, 12
1899-12-31 20:35:00, 12
1899-12-31 13:40:00, 12
1899-12-31 08:25:00, 12
1899-12-31 22:12:00, 12
1899-12-31 16:12:00, 12
1899-12-31 03:40:00, 11
1899-12-31 17:55:00, 11
1899-12-31 21:55:00, 11
1899-12-31 17:25:00, 11
1899-12-31 22:50:00, 11
1899-12-31 23:28:00, 11
1899-12-31 15:27:00, 11
1899-12-31 03:25:00, 11
1899-12-31 14:58:00, 11
1899-12-31 15:33:00, 11
1899-12-31 01:45:00, 11
1899-12-31 06:16:00, 10
1899-12-31 03:10:00, 10
1899-12-31 06:22:00, 10
1899-12-31 05:05:00, 10
1899-12-31 22:03:00, 10
1899-12-31 04:10:00, 10
1899-12-31 12:50:00, 10
1899-12-31 02:45:00, 10
1899-12-31 20:12:00, 10
1899-12-31 20:25:00, 10
1899-12-31 13:05:00, 10
1899-12-31 00:12:00, 10
1899-12-31 22:09:00, 10
1899-12-31 14:59:00, 10
1899-12-31 04:25:00, 10
1899-12-31 06:23:00, 10
1899-12-31 21:20:00, 10
1899-12-31 17:35:00, 10
1899-12-31 15:47:00, 10
1899-12-31 10:07:00, 10
1899-12-31 05:40:00, 10
1899-12-31 05:57:00, 10
1899-12-31 07:18:00, 9
1899-12-31 19:03:00, 9
1899-12-31 16:18:00, 9
1899-12-31 04:50:00, 9
1899-12-31 23:17:00, 9
1899-12-31 16:04:00, 9
1899-12-31 04:40:00, 9
1899-12-31 05:56:00, 9
1899-12-31 22:57:00, 9
1899-12-31 23:34:00, 9
1899-12-31 23:26:00, 9
1899-12-31 15:38:00, 9
1899-12-31 14:28:00, 9
1899-12-31 21:35:00, 9
1899-12-31 15:36:00, 9
1899-12-31 07:55:00, 9
1899-12-31 00:25:00, 9
1899-12-31 16:55:00, 9
1899-12-31 11:04:00, 9
1899-12-31 06:26:00, 8
1899-12-31 08:04:00, 8
1899-12-31 08:55:00, 8
1899-12-31 08:08:00, 8
1899-12-31 19:04:00, 8
1899-12-31 19:08:00, 8
1899-12-31 23:37:00, 8
1899-12-31 18:12:00, 8
1899-12-31 23:42:00, 8
1899-12-31 08:07:00, 8
1899-12-31 06:54:00, 8
1899-12-31 09:35:00, 8
1899-12-31 08:03:00, 8
1899-12-31 21:40:00, 8
1899-12-31 15:29:00, 7
1899-12-31 22:07:00, 7
1899-12-31 02:50:00, 7
1899-12-31 03:20:00, 7
1899-12-31 14:52:00, 7
1899-12-31 15:42:00, 7
1899-12-31 23:27:00, 7
1899-12-31 23:39:00, 7
1899-12-31 15:37:00, 7
1899-12-31 02:55:00, 7
1899-12-31 07:38:00, 7
1899-12-31 14:36:00, 7
1899-12-31 16:22:00, 7
1899-12-31 17:08:00, 7
1899-12-31 19:07:00, 7
1899-12-31 08:35:00, 7
1899-12-31 09:07:00, 7
1899-12-31 09:55:00, 6
1899-12-31 22:08:00, 6
1899-12-31 02:40:00, 6
1899-12-31 01:40:00, 6
1899-12-31 14:26:00, 6
1899-12-31 21:25:00, 6
1899-12-31 16:07:00, 6
1899-12-31 14:56:00, 6
1899-12-31 23:33:00, 6
1899-12-31 15:48:00, 6
1899-12-31 20:07:00, 6
1899-12-31 21:50:00, 6
1899-12-31 15:32:00, 6
1899-12-31 01:35:00, 6
1899-12-31 18:18:00, 6
1899-12-31 22:16:00, 6
1899-12-31 18:38:00, 6
1899-12-31 07:17:00, 6
1899-12-31 08:12:00, 6
1899-12-31 22:22:00, 6
1899-12-31 06:52:00, 6
1899-12-31 18:03:00, 6
1899-12-31 14:38:00, 6
1899-12-31 18:04:00, 5
1899-12-31 00:08:00, 5
1899-12-31 14:37:00, 5
1899-12-31 22:21:00, 5
1899-12-31 15:43:00, 5
1899-12-31 00:07:00, 5
1899-12-31 09:13:00, 5
1899-12-31 12:08:00, 5
1899-12-31 19:55:00, 5
1899-12-31 07:19:00, 5
1899-12-31 19:48:00, 5
1899-12-31 22:11:00, 5
1899-12-31 13:35:00, 5
1899-12-31 06:53:00, 5
1899-12-31 23:38:00, 5
1899-12-31 14:53:00, 5
1899-12-31 00:42:00, 5
1899-12-31 22:54:00, 5
1899-12-31 12:02:00, 5
1899-12-31 16:38:00, 5
1899-12-31 10:12:00, 5
1899-12-31 09:04:00, 5
1899-12-31 12:12:00, 5
1899-12-31 17:03:00, 5
1899-12-31 09:08:00, 5
1899-12-31 14:39:00, 5
1899-12-31 05:35:00, 5
1899-12-31 17:57:00, 5
1899-12-31 15:41:00, 5
1899-12-31 06:37:00, 5
1899-12-31 09:03:00, 5
1899-12-31 15:52:00, 5
1899-12-31 22:18:00, 5
1899-12-31 11:08:00, 5
1899-12-31 06:24:00, 5
1899-12-31 06:21:00, 5
1899-12-31 13:57:00, 5
1899-12-31 14:31:00, 5
1899-12-31 00:11:00, 5
1899-12-31 22:23:00, 5
1899-12-31 16:32:00, 5
1899-12-31 00:55:00, 5
1899-12-31 11:07:00, 5
1899-12-31 23:52:00, 5
1899-12-31 23:36:00, 4
1899-12-31 00:04:00, 4
1899-12-31 14:34:00, 4
1899-12-31 23:32:00, 4
1899-12-31 23:47:00, 4
1899-12-31 19:38:00, 4
1899-12-31 17:12:00, 4
1899-12-31 20:55:00, 4
1899-12-31 22:58:00, 4
1899-12-31 00:13:00, 4
1899-12-31 00:02:00, 4
1899-12-31 16:34:00, 4
1899-12-31 16:03:00, 4
1899-12-31 17:52:00, 4
1899-12-31 22:28:00, 4
1899-12-31 05:52:00, 4
1899-12-31 23:56:00, 4
1899-12-31 23:01:00, 4
1899-12-31 23:43:00, 4
1899-12-31 20:23:00, 4
1899-12-31 04:05:00, 4
1899-12-31 23:48:00, 4
1899-12-31 00:06:00, 4
1899-12-31 09:42:00, 4
1899-12-31 20:04:00, 4
1899-12-31 12:07:00, 4
1899-12-31 18:08:00, 4
1899-12-31 01:50:00, 4
1899-12-31 13:59:00, 4
1899-12-31 10:17:00, 4
1899-12-31 21:08:00, 4
1899-12-31 22:24:00, 4
1899-12-31 11:42:00, 4
1899-12-31 18:14:00, 4
1899-12-31 14:32:00, 4
1899-12-31 17:04:00, 4
1899-12-31 00:14:00, 4
1899-12-31 12:22:00, 4
1899-12-31 12:55:00, 4
1899-12-31 10:08:00, 4
1899-12-31 11:22:00, 4
1899-12-31 06:28:00, 4
1899-12-31 08:02:00, 4
1899-12-31 05:54:00, 4
1899-12-31 22:19:00, 4
1899-12-31 05:53:00, 4
1899-12-31 12:01:00, 4
1899-12-31 16:52:00, 4
1899-12-31 06:34:00, 4
1899-12-31 19:02:00, 4
1899-12-31 00:01:00, 4
1899-12-31 23:53:00, 4
1899-12-31 16:08:00, 4
1899-12-31 22:13:00, 4
1899-12-31 10:06:00, 4
1899-12-31 07:16:00, 3
1899-12-31 14:27:00, 3
1899-12-31 08:17:00, 3
1899-12-31 07:24:00, 3
1899-12-31 17:22:00, 3
1899-12-31 12:18:00, 3
1899-12-31 19:32:00, 3
1899-12-31 22:48:00, 3
1899-12-31 10:32:00, 3
1899-12-31 11:17:00, 3
1899-12-31 22:14:00, 3
1899-12-31 07:28:00, 3
1899-12-31 11:37:00, 3
1899-12-31 03:12:00, 3
1899-12-31 03:07:00, 3
1899-12-31 14:29:00, 3
1899-12-31 17:24:00, 3
1899-12-31 10:04:00, 3
1899-12-31 20:03:00, 3
1899-12-31 20:18:00, 3
1899-12-31 04:55:00, 3
1899-12-31 01:06:00, 3
1899-12-31 03:04:00, 3
1899-12-31 11:23:00, 3
1899-12-31 18:06:00, 3
1899-12-31 11:36:00, 3
1899-12-31 20:08:00, 3
1899-12-31 17:17:00, 3
1899-12-31 12:38:00, 3
1899-12-31 20:38:00, 3
1899-12-31 18:27:00, 3
1899-12-31 00:03:00, 3
1899-12-31 17:13:00, 3
1899-12-31 17:34:00, 3
1899-12-31 20:37:00, 3
1899-12-31 03:50:00, 3
1899-12-31 18:09:00, 3
1899-12-31 18:13:00, 3
1899-12-31 23:59:00, 3
1899-12-31 09:38:00, 3
1899-12-31 06:48:00, 3
1899-12-31 20:24:00, 3
1899-12-31 22:06:00, 3
1899-12-31 08:09:00, 3
1899-12-31 11:38:00, 3
1899-12-31 12:33:00, 3
1899-12-31 06:51:00, 3
1899-12-31 17:23:00, 3
1899-12-31 07:23:00, 3
1899-12-31 11:12:00, 3
1899-12-31 06:36:00, 3
1899-12-31 21:03:00, 3
1899-12-31 01:08:00, 3
1899-12-31 16:53:00, 3
1899-12-31 07:37:00, 3
1899-12-31 03:03:00, 3
1899-12-31 06:27:00, 3
1899-12-31 22:17:00, 3
1899-12-31 10:09:00, 3
1899-12-31 08:53:00, 3
1899-12-31 01:03:00, 3
1899-12-31 14:54:00, 3
1899-12-31 08:13:00, 3
1899-12-31 11:27:00, 3
1899-12-31 14:43:00, 3
1899-12-31 09:23:00, 3
1899-12-31 14:33:00, 3
1899-12-31 13:58:00, 3
1899-12-31 15:31:00, 3
1899-12-31 18:23:00, 3
1899-12-31 10:47:00, 3
1899-12-31 02:08:00, 3
1899-12-31 23:41:00, 3
1899-12-31 20:11:00, 3
1899-12-31 10:18:00, 3
1899-12-31 02:06:00, 2
1899-12-31 23:54:00, 2
1899-12-31 10:03:00, 2
1899-12-31 15:56:00, 2
1899-12-31 16:42:00, 2
1899-12-31 15:53:00, 2
1899-12-31 08:01:00, 2
1899-12-31 12:09:00, 2
1899-12-31 07:46:00, 2
1899-12-31 09:02:00, 2
1899-12-31 09:22:00, 2
1899-12-31 14:42:00, 2
1899-12-31 13:18:00, 2
1899-12-31 12:06:00, 2
1899-12-31 09:33:00, 2
1899-12-31 16:19:00, 2
1899-12-31 16:14:00, 2
1899-12-31 02:35:00, 2
1899-12-31 00:28:00, 2
1899-12-31 20:13:00, 2
1899-12-31 22:02:00, 2
1899-12-31 12:43:00, 2
1899-12-31 05:48:00, 2
1899-12-31 11:13:00, 2
1899-12-31 17:49:00, 2
1899-12-31 22:46:00, 2
1899-12-31 13:38:00, 2
1899-12-31 16:37:00, 2
1899-12-31 13:09:00, 2
1899-12-31 07:22:00, 2
1899-12-31 23:44:00, 2
1899-12-31 09:43:00, 2
1899-12-31 20:33:00, 2
1899-12-31 13:22:00, 2
1899-12-31 15:39:00, 2
1899-12-31 14:46:00, 2
1899-12-31 21:12:00, 2
1899-12-31 20:09:00, 2
1899-12-31 13:12:00, 2
1899-12-31 00:19:00, 2
1899-12-31 16:16:00, 2
1899-12-31 21:04:00, 2
1899-12-31 01:37:00, 2
1899-12-31 23:58:00, 2
1899-12-31 22:53:00, 2
1899-12-31 17:46:00, 2
1899-12-31 17:56:00, 2
1899-12-31 23:29:00, 2
1899-12-31 10:19:00, 2
1899-12-31 22:32:00, 2
1899-12-31 21:14:00, 2
1899-12-31 13:21:00, 2
1899-12-31 11:59:00, 2
1899-12-31 11:39:00, 2
1899-12-31 16:26:00, 2
1899-12-31 14:44:00, 2
2000-11-22, 2
2001-03-07, 2
1899-12-31 14:48:00, 2
1899-12-31 20:42:00, 2
1899-12-31 14:41:00, 2
1899-12-31 17:02:00, 2
1899-12-31 00:37:00, 2
1899-12-31 15:44:00, 2
1899-12-31 07:21:00, 2
1899-12-31 18:21:00, 2
1899-12-31 09:48:00, 2
1899-12-31 09:18:00, 2
1899-12-31 08:11:00, 2
1899-12-31 13:13:00, 2
1899-12-31 00:09:00, 2
1899-12-31 07:42:00, 2
1899-12-31 19:49:00, 2
1899-12-31 11:24:00, 2
1899-12-31 19:12:00, 2
1899-12-31 18:43:00, 2
1899-12-31 11:03:00, 2
1899-12-31 00:18:00, 2
1899-12-31 22:52:00, 2
1899-12-31 13:32:00, 2
1899-12-31 09:06:00, 2
1899-12-31 16:27:00, 2
1899-12-31 10:46:00, 2
1899-12-31 22:38:00, 2
1899-12-31 01:04:00, 2
1899-12-31 18:32:00, 2
1899-12-31 08:48:00, 2
1899-12-31 21:18:00, 2
1899-12-31 07:33:00, 2
1899-12-31 02:14:00, 2
1899-12-31 11:48:00, 2
1899-12-31 20:59:00, 2
1899-12-31 14:47:00, 2
1899-12-31 06:43:00, 2
1899-12-31 11:33:00, 2
1899-12-31 12:34:00, 2
1899-12-31 21:19:00, 2
1899-12-31 22:33:00, 2
1899-12-31 18:22:00, 2
1899-12-31 17:06:00, 2
1899-12-31 00:23:00, 2
1899-12-31 02:03:00, 2
1899-12-31 16:36:00, 2
1899-12-31 11:18:00, 2
1899-12-31 08:36:00, 2
1899-12-31 07:26:00, 2
1899-12-31 17:18:00, 2
1899-12-31 08:26:00, 2
1899-12-31 03:06:00, 2
1899-12-31 02:05:00, 2
1899-12-31 10:43:00, 2
1899-12-31 09:21:00, 2
1899-12-31 17:54:00, 2
1899-12-31 03:17:00, 2
1899-12-31 07:43:00, 2
1899-12-31 07:52:00, 2
1899-12-31 20:52:00, 2
1899-12-31 20:19:00, 2
1899-12-31 18:07:00, 2
1899-12-31 17:14:00, 2
1899-12-31 16:23:00, 2
1899-12-31 16:11:00, 2
1899-12-31 18:16:00, 2
1899-12-31 20:06:00, 2
1899-12-31 19:53:00, 2
1899-12-31 10:48:00, 2
1899-12-31 08:42:00, 2
1899-12-31 15:51:00, 2
1899-12-31 03:08:00, 2
1899-12-31 11:19:00, 2
1899-12-31 10:57:00, 2
1899-12-31 03:18:00, 2
1899-12-31 08:38:00, 2
1899-12-31 02:04:00, 2
1899-12-31 00:24:00, 2
1899-12-31 17:53:00, 2
1899-12-31 03:35:00, 2
1899-12-31 17:33:00, 2
1899-12-31 17:09:00, 2
1899-12-31 02:58:00, 2
1899-12-31 00:53:00, 2
1899-12-31 05:51:00, 2
1899-12-31 18:19:00, 2
1899-12-31 21:37:00, 2
1899-12-31 21:59:00, 2
1899-12-31 07:53:00, 2
1899-12-31 19:34:00, 2
1899-12-31 19:14:00, 2
1899-12-31 02:24:00, 2
1899-12-31 22:26:00, 2
1899-12-31 22:27:00, 2
1899-12-31 17:27:00, 2
1899-12-31 13:55:00, 2
1899-12-31 23:49:00, 2
1899-12-31 00:22:00, 2
1899-12-31 07:34:00, 2
1899-12-31 20:26:00, 2
1899-12-31 16:13:00, 2
1899-12-31 22:47:00, 2
1899-12-31 12:04:00, 2
1899-12-31 03:23:00, 2
1899-12-31 06:31:00, 1
1899-12-31 02:09:00, 1
1899-12-31 21:56:00, 1
1899-12-31 16:24:00, 1
1899-12-31 16:48:00, 1
1899-12-31 20:43:00, 1
1899-12-31 03:01:00, 1
1899-12-31 03:02:00, 1
1899-12-31 05:22:00, 1
1899-12-31 14:51:00, 1
1899-12-31 13:52:00, 1
1899-12-31 21:13:00, 1
1899-12-31 06:44:00, 1
1899-12-31 21:43:00, 1
1899-12-31 03:55:00, 1
1899-12-31 07:36:00, 1
1899-12-31 20:36:00, 1
1899-12-31 04:22:00, 1
1899-12-31 00:33:00, 1
1899-12-31 12:16:00, 1
1899-12-31 04:36:00, 1
1899-12-31 18:52:00, 1
2002-02-06, 1
1899-12-31 19:54:00, 1
1899-12-31 08:56:00, 1
1899-12-31 11:09:00, 1
1899-12-31 15:46:00, 1
1899-12-31 00:17:00, 1
1899-12-31 10:24:00, 1
1899-12-31 16:47:00, 1
1899-12-31 03:49:00, 1
1899-12-31 13:06:00, 1
1899-12-31 03:09:00, 1
1899-12-31 03:19:00, 1
1899-12-31 00:54:00, 1
1899-12-31 18:02:00, 1
1899-12-31 01:23:00, 1
1899-12-31 13:07:00, 1
1899-12-31 15:49:00, 1
1899-12-31 07:47:00, 1
1899-12-31 01:13:00, 1
1899-12-31 18:26:00, 1
1899-12-31 02:38:00, 1
1899-12-31 10:11:00, 1
1899-12-31 21:24:00, 1
1899-12-31 09:41:00, 1
1899-12-31 13:08:00, 1
1899-12-31 08:23:00, 1
1899-12-31 20:54:00, 1
1899-12-31 15:54:00, 1
1899-12-31 04:53:00, 1
1899-12-31 11:46:00, 1
1899-12-31 11:14:00, 1
1899-12-31 01:14:00, 1
1899-12-31 03:28:00, 1
1899-12-31 22:42:00, 1
1899-12-31 11:47:00, 1
1899-12-31 18:28:00, 1
1899-12-31 04:06:00, 1
1899-12-31 11:43:00, 1
1899-12-31 06:41:00, 1
1899-12-31 18:54:00, 1
1899-12-31 11:44:00, 1
1899-12-31 17:43:00, 1
1899-12-31 17:51:00, 1
1900-01-12, 1
1899-12-31 15:59:00, 1
1899-12-31 19:43:00, 1
1899-12-31 15:58:00, 1
1899-12-31 08:16:00, 1
1899-12-31 19:06:00, 1
1899-12-31 02:27:00, 1
2000-12-01, 1
2000-11-23, 1
2001-03-06, 1
1899-12-31 03:14:00, 1
1899-12-31 22:59:00, 1
1899-12-31 04:35:00, 1
1899-12-31 07:57:00, 1
1899-12-31 07:27:00, 1
1899-12-31 00:21:00, 1
1899-12-31 19:39:00, 1
1899-12-31 00:43:00, 1
1899-12-31 20:21:00, 1
1899-12-31 21:02:00, 1
1899-12-31 12:23:00, 1
1899-12-31 06:49:00, 1
1899-12-31 20:02:00, 1
1899-12-31 11:53:00, 1
1899-12-31 20:22:00, 1
1899-12-31 19:29:00, 1
1899-12-31 19:56:00, 1
1899-12-31 03:41:00, 1
1899-12-31 21:58:00, 1
1899-12-31 09:24:00, 1
1899-12-31 19:59:00, 1
1899-12-31 19:33:00, 1
1899-12-31 16:09:00, 1
1899-12-31 00:56:00, 1
1899-12-31 09:37:00, 1
1899-12-31 11:06:00, 1
1899-12-31 10:33:00, 1
1899-12-31 10:58:00, 1
1899-12-31 00:57:00, 1
1899-12-31 12:47:00, 1
1899-12-31 03:34:00, 1
1899-12-31 10:49:00, 1
1899-12-31 17:39:00, 1
1899-12-31 10:22:00, 1
1899-12-31 11:26:00, 1
1899-12-31 03:32:00, 1
1899-12-31 22:34:00, 1
1899-12-31 03:11:00, 1
1899-12-31 23:46:00, 1
1899-12-31 06:39:00, 1
1903-05-14, 1
1901-03-15, 1
1900-01-09, 1
1900-09-11, 1
1899-12-31 11:52:00, 1
1899-12-31 10:02:00, 1
1899-12-31 09:54:00, 1
1899-12-31 21:42:00, 1
1899-12-31 22:43:00, 1
1899-12-31 05:04:00, 1
1899-12-31 07:48:00, 1
1899-12-31 05:47:00, 1
1899-12-31 16:06:00, 1
1899-12-31 03:16:00, 1
1899-12-31 04:42:00, 1
1899-12-31 00:38:00, 1
1899-12-31 17:26:00, 1
1899-12-31 00:47:00, 1
1900-01-01 00:30:00, 1
1899-12-31 09:46:00, 1
1899-12-31 10:28:00, 1
1899-12-31 01:26:00, 1
1899-12-31 00:32:00, 1
1899-12-31 18:58:00, 1
1899-12-31 10:36:00, 1
1899-12-31 18:17:00, 1
1899-12-31 03:22:00, 1
1899-12-31 02:11:00, 1
1899-12-31 08:18:00, 1
1899-12-31 20:47:00, 1
1899-12-31 13:14:00, 1
1899-12-31 18:33:00, 1
1899-12-31 07:31:00, 1
1899-12-31 05:25:00, 1
1900-01-02, 1
1899-12-31 06:46:00, 1
1899-12-31 21:26:00, 1
1899-12-31 02:25:00, 1
1899-12-31 13:24:00, 1
1899-12-31 22:29:00, 1
1899-12-31 18:49:00, 1
1899-12-31 01:25:00, 1
1899-12-31 19:09:00, 1
1899-12-31 11:57:00, 1
1899-12-31 07:39:00, 1
1899-12-31 03:44:00, 1
1899-12-31 22:51:00, 1
1899-12-31 07:41:00, 1
1899-12-31 03:27:00, 1
1899-12-31 08:06:00, 1
1899-12-31 13:53:00, 1
1899-12-31 10:42:00, 1
1899-12-31 01:43:00, 1
1899-12-31 18:11:00, 1
1899-12-31 21:34:00, 1
1899-12-31 18:39:00, 1
1899-12-31 18:51:00, 1
1899-12-31 08:58:00, 1
1899-12-31 08:33:00, 1
1899-12-31 13:54:00, 1
1899-12-31 16:56:00, 1
1899-12-31 13:33:00, 1
1899-12-31 05:14:00, 1
1899-12-31 08:22:00, 1
1899-12-31 21:48:00, 1
1899-12-31 01:22:00, 1
1899-12-31 06:47:00, 1
1899-12-31 08:24:00, 1
1899-12-31 16:46:00, 1
1899-12-31 23:57:00, 1
1899-12-31 21:09:00, 1
1899-12-31 13:04:00, 1
1899-12-31 02:57:00, 1
1899-12-31 00:26:00, 1
1899-12-31 04:33:00, 1
1899-12-31 01:58:00, 1
1899-12-31 19:47:00, 1
1899-12-31 01:55:00, 1
1900-01-07, 1
1899-12-31 04:46:00, 1
1899-12-31 02:16:00, 1
1899-12-31 14:49:00, 1
1899-12-31 06:38:00, 1
1899-12-31 21:11:00, 1
1899-12-31 05:01:00, 1
1899-12-31 05:12:00, 1
1899-12-31 16:02:00, 1
1899-12-31 13:48:00, 1
1899-12-31 16:21:00, 1
1899-12-31 09:34:00, 1
1899-12-31 09:16:00, 1
1899-12-31 11:11:00, 1
1899-12-31 16:41:00, 1
1899-12-31 03:36:00, 1
1899-12-31 19:22:00, 1
1899-12-31 03:13:00, 1
1899-12-31 10:26:00, 1
1899-12-31 20:34:00, 1
1899-12-31 02:28:00, 1
1899-12-31 13:36:00, 1
1899-12-31 01:12:00, 1
1899-12-31 20:39:00, 1
1899-12-31 15:57:00, 1
1899-12-31 19:37:00, 1
1899-12-31 08:19:00, 1
1899-12-31 18:53:00, 1
1899-12-31 09:12:00, 1
1899-12-31 12:03:00, 1
1899-12-31 04:18:00, 1
1899-12-31 10:23:00, 1
1899-12-31 03:26:00, 1
1899-12-31 12:32:00, 1
1899-12-31 18:36:00, 1
1899-12-31 19:18:00, 1
1899-12-31 00:52:00, 1
1899-12-31 18:29:00, 1
1899-12-31 13:42:00, 1
1899-12-31 08:21:00, 1
1899-12-31 12:24:00, 1
1899-12-31 17:48:00, 1
1899-12-31 04:44:00, 1
1899-12-31 09:26:00, 1
1899-12-31 10:52:00, 1
1899-12-31 01:18:00, 1
1899-12-31 10:38:00, 1
1899-12-31 03:24:00, 1
1899-12-31 08:52:00, 1
1899-12-31 17:31:00, 1
1899-12-31 02:36:00, 1
1899-12-31 17:11:00, 1
1899-12-31 03:52:00, 1
1899-12-31 10:44:00, 1
1899-12-31 07:44:00, 1
1899-12-31 19:42:00, 1
1899-12-31 02:07:00, 1
1899-12-31 09:53:00, 1
1899-12-31 02:56:00, 1
1899-12-31 22:31:00, 1
1899-12-31 08:27:00, 1
1899-12-31 09:36:00, 1
1899-12-31 22:36:00, 1
1899-12-31 22:41:00, 1
1899-12-31 06:33:00, 1
1899-12-31 21:17:00, 1
1899-12-31 10:14:00, 1
1899-12-31 12:54:00, 1
1899-12-31 09:39:00, 1
1899-12-31 19:58:00, 1
1902-07-03, 1
1900-11-25, 1
1901-08-27, 1
